french = {
    graphical_culture = westerngfx
    cosmopolitan_french = {
        primary = FRA
        dynasty_names = {
            "德 瓦卢瓦"  # de Valois
            "德 波旁"  # de Bourbon
            "波拿巴"  # Bonaparte
            "德 拉图"  # de la Tour
            "德 安茹"  # d'Anjou
            "德 洛林"  # de Lorraine
            "德 富瓦"  # de Foix
            "德 蒙福尔"  # de Montfort
            "德 布卢瓦"  # de Blois
            "德 庞蒂埃弗尔"  # de Penthievre
            "德 德勒"  # de Dreux
            "德 罗昂"  # de Rohan
            "德 巴尔"  # de Bar
            "德阿尔伯特"  # d'Albert
            "德埃斯库本"  # d'Escoubleau
            "德 纽弗威尔"  # de Neufville
        }
    }
    gascon = {
        primary = GUY
    }
    normand = {
        primary = NRM
    }
    aquitaine = {
        primary = TOU
    }
    burgundian = {
        primary = BUR
    }
    occitain = {
        primary = PRO
    }
    wallonian = {
        primary = HAI
    }
    breton = {
        primary = BRI
        dynasty_names = {
            "罗翰"  # Rohan
            "彭特"  # Penteur
            "里昂"  # Leon
            "鲁瓦宗"  # Roazhon
            "Poutrecoet"  # Poutrecoet
            "瑙涅"  # Naoned
            "莱昂"  # Leon
            "德 迪南"  # de Dinan
            "德 维特"  # de Vitré
            "德 科努瓦耶"  # de Cornouaille
            "德 罗翰"  # de Rohan
            "德 波罗厄特"  # de Porhoët
            "布列塔尼"  # of Brittany
            "德 夏多布里昂"  # de Châteaubriant
            "德 南特"  # de Nantes
            "里昂"  # Leon
            "古恩尼斯"  # Guennec
            "庞塞克"  # Pensec
            "德 瓦讷"  # de Vannes
            "德 布列塔尼"  # de Bretagne
            "圣 纳扎尔"  # Sant Nazar
            "坦吉"  # Tanguy
            "埃讷邦"  # Hennebont
            "葛温德"  # Gwened
            "德 雷恩"  # de Rennes
            "德 里厄"  # de Rieux
        }
        male_names = {
            "弗朗索瓦"  # François
            "让"  # Jean
            "阿蒂尔"  # Artur
            "皮埃尔"  # Pierre
            "亨利"  # Henri
            "查理"  # Charles
            "吉勒"  # Gilles
            "里夏尔"  # Richard
            "科朗丁"  # Corentin
            "德尼尔"  # Deniel
            "迪南"  # Dinan
            "埃尔温"  # Erwan
            "盖尔"  # Gaël
            "格温內尔"  # Gwenaël
            "格温尼吉"  # Gwenneg
            "纪尧姆"  # Gwilherm
            "罗威尼克"  # Iouennic
            "卢瓦克"  # Loïc
            "玛丹"  # Maeldan
            "米海尔"  # Mikael
            "奥列尔"  # Olier
            "帕德里吉"  # Padrig
            "波罗"  # Paol
            "帕特恩"  # Patern
            "皮埃尔"  # Pier
            "普里梅尔"  # Primel
            "罗伯斯"  # Roparzh
            "塞尔万"  # Servan
            "希米利恩"  # Similien
            "希盖尔"  # Sklaer
            "索利奥"  # Sulio
            "翁尼梅尔"  # Uuinmael
            "维奈克"  # Venec
            "文森特"  # Visant
            "沃涅克"  # Vonig
            "沃盖"  # Vougay
            "威尼弗雷德"  # Winifrid
            "雅恩"  # Yann
            "阿多热"  # Adoyre
            "阿德里安"  # Adrien
            "阿德里安"  # Adrian
            "埃登"  # Aedan
            "休"  # Hugh
            "奥古斯丁"  # Agustin
            "奥古斯特"  # August
            "阿兰"  # Alan
            "阿拉尔"  # Alar
            "阿拉里克"  # Alaric
            "阿德里恩"  # Aldrien
            "阿德罗恩斯"  # Aldroenus
            "阿弗洛德"  # Alfrond
            "阿洛尔"  # Alor
            "阿留雷德"  # Alured
            "阿尔弗雷德"  # Alfred
            "Alwen"  # Alwen
            "Alwin"  # Alwin
            "Anaoc"  # Anaoc
            "Anaubritou"  # Anaubritou
            "Anaugen"  # Anaugen
            "Anauguethen"  # Anauguethen
            "Anauguoret"  # Anauguoret
            "Anauhocar"  # Anauhocar
            "Andreas"  # Andreas
            "Andrew"  # Andrew
            "Aniud"  # Aniud
            "Anton"  # Anton
            "Antoninus"  # Antoninus
            "Argantbri"  # Argantbri
            "Argantmoet"  # Argantmoet
            "Arnalt"  # Arnalt
            "Arnold"  # Arnold
            "Arthel"  # Arthel
            "Arthguiu"  # Arthguiu
            "Arthmael"  # Arthmael
            "Arthueu"  # Arthueu
            "Arthuiu"  # Arthuiu
            "Artorius"  # Artorius
            "Arthur"  # Arthur
            "Austol"  # Austol
            "Baldoen"  # Baldoen
            "Baldwin"  # Baldwin
            "Bastian"  # Bastian
            "Sebastian"  # Sebastian
            "Beli"  # Beli
            "Beltram"  # Beltram
            "Bertrand"  # Bertrand
            "Benabic"  # Benabic
            "Berenger"  # Berenger
            "Berengar"  # Berengar
            "Bernead"  # Bernead
            "Bernard"  # Bernard
            "Berthgualt"  # Berthgualt
            "Berthoald"  # Berthoald
            "Bledric"  # Bledric
            "Bledrig"  # Bledrig
            "Bledros"  # Bledros
            "Bleidcum"  # Bleidcum
            "Bletcu"  # Bletcu
            "Blethin"  # Blethin
            "Bleddyn"  # Bleddyn
            "Blethiut"  # Blethiut
            "Bleiddud"  # Bleiddud
            "Bodan"  # Bodan
            "Bran"  # Bran
            "Brangualart"  # Brangualart
            "Branwaladr"  # Branwaladr
            "Branhucar"  # Branhucar
            "Branoc"  # Branoc
            "Brenci"  # Brenci
            "Brendan"  # Brendan
            "Breselconan"  # Breselconan
            "Breselcoucant"  # Breselcoucant
            "Breselgar"  # Breselgar
            "Breseloc"  # Breseloc
            "Breselueu"  # Breselueu
            "Brethoc"  # Brethoc
            "Brient"  # Brient
            "Brian"  # Brian
            "Brigualt"  # Brigualt
            "Brioc"  # Brioc
            "Briog"  # Briog
            "Brithael"  # Brithael
            "Brochuael"  # Brochuael
            "Brogmaglus"  # Brogmaglus
            "Bronmael"  # Bronmael
            "Budguoret"  # Budguoret
            "Budhoiarn"  # Budhoiarn
            "Budic"  # Budic
            "Benedict"  # Benedict
            "Budoc"  # Budoc
            "Buhedoc"  # Buhedoc
            "Butgual"  # Butgual
            "Cadan"  # Cadan
            "Cadaouen"  # Cadaouen
            "Cadarvan"  # Cadarvan
            "Cadiou"  # Cadiou
            "Cadoc"  # Cadoc
            "Cadog"  # Cadog
            "Cador"  # Cador
            "Cadwr"  # Cadwr
            "Cadou"  # Cadou
            "Cadw"  # Cadw
            "Cantgueithen"  # Cantgueithen
            "Caradec"  # Caradec
            "Caratacus"  # Caratacus
            "Caradoc"  # Caradoc
            "Caradog"  # Caradog
            "Carantoc"  # Carantoc
            "Catgualart"  # Catgualart
            "Cadwaladr"  # Cadwaladr
            "Catuallon"  # Catuallon
            "Cadwallon"  # Cadwallon
            "Catguethen"  # Catguethen
            "Catguoret"  # Catguoret
            "Cadwared"  # Cadwared
            "Catgutic"  # Catgutic
            "Cathno"  # Cathno
            "Catnimed"  # Catnimed
            "Catuod"  # Catuod
            "Caurantin"  # Caurantin
            "Corentin"  # Corentin
            "Ceneu"  # Ceneu
            "Cenguethen"  # Cenguethen
            "Cenmarhoc"  # Cenmarhoc
            "Cenmin"  # Cenmin
            "Cenmonoc"  # Cenmonoc
            "Cingur"  # Cingur
            "Cinhoedl"  # Cinhoedl
            "Clemen"  # Clemen
            "Clement"  # Clement
            "Clodouan"  # Clodouan
            "Clotwoïon"  # Clotwoïon
            "Comoere"  # Comoere
            "Conan"  # Conan
            "Concen"  # Concen
            "Cyngen"  # Cyngen
            "Condeleu"  # Condeleu
            "Cynddelw"  # Cynddelw
            "Condidan"  # Condidan
            "Cyndyddan"  # Cyndyddan
            "Congar"  # Congar
            "Cyngar"  # Cyngar
            "Conmael"  # Conmael
            "Cynfael"  # Cynfael
            "Conmonoc"  # Conmonoc
            "Conogan"  # Conogan
            "Conredeu"  # Conredeu
            "Conuallon"  # Conuallon
            "Cynwallon"  # Cynwallon
            "Conmarch"  # Conmarch
            "Cynfarch"  # Cynfarch
            "Convelin"  # Convelin
            "Cynfelyn"  # Cynfelyn
            "Conwoïon"  # Conwoïon
            "Corguethen"  # Corguethen
            "Courantgern"  # Courantgern
            "Courantmonoc"  # Courantmonoc
            "Culmin"  # Culmin
            "Custent"  # Custent
            "Constans"  # Constans
            "Custentin"  # Custentin
            "Constantine"  # Constantine
            "Dauid"  # Dauid
            "Deniel"  # Deniel
            "Daniel"  # Daniel
            "Denis"  # Denis
            "Deroch"  # Deroch
            "Derrien"  # Derrien
            "Deui"  # Deui
            "David"  # David
            "Deurhoiarn"  # Deurhoiarn
            "Domnoret"  # Domnoret
            "Domuel"  # Domuel
            "Dywel"  # Dywel
            "Donual"  # Donual
            "唐纳德"  # Donald
            "Donuallon"  # Donuallon
            "Dyfnwallon"  # Dyfnwallon
            "Drogon"  # Drogon
            "Drogo"  # Drogo
            "Duenerth"  # Duenerth
            "Dumnarth"  # Dumnarth
            "Donyarth"  # Donyarth
            "Edern"  # Edern
            "Eternus"  # Eternus
            "Edouart"  # Edouart
            "Edward"  # Edward
            "Eguen"  # Eguen
            "Eon"  # Eon
            "Erispoë"  # Erispoë
            "Erouan"  # Erouan
            "Yves"  # Yves
            "Estienne"  # Estienne
            "Etgual"  # Etgual
            "Eudon"  # Eudon
            "Otto"  # Otto
            "Euhocar"  # Euhocar
            "Euhoiarn"  # Euhoiarn
            "Eusebi"  # Eusebi
            "Eusebius"  # Eusebius
            "Even"  # Even
            "Eugene"  # Eugene
            "Evrard"  # Evrard
            "Everard"  # Everard
            "Farinmael"  # Farinmael
            "Ffernfael"  # Ffernfael
            "Ferant"  # Ferant
            "Ferdinand"  # Ferdinand
            "Fracan"  # Fracan
            "Fragan"  # Fragan
            "Framual"  # Framual
            "Fransaz"  # Fransaz
            "Francis"  # Francis
            "Frioc"  # Frioc
            "Friog"  # Friog
            "Garmon"  # Garmon
            "German"  # German
            "Geofroi"  # Geofroi
            "Geralt"  # Geralt
            "Gerald"  # Gerald
            "Gereint"  # Gereint
            "Gerontius"  # Gerontius
            "Gestin"  # Gestin
            "Justin"  # Justin
            "Gilbert"  # Gilbert
            "Godefroi"  # Godefroi
            "Godfrey"  # Godfrey
            "Goennoc"  # Goennoc
            "Gouesnon"  # Gouesnon
            "Goulwen"  # Goulwen
            "Gouremor"  # Gouremor
            "Gwrfawr"  # Gwrfawr
            "Gourmaelon"  # Gourmaelon
            "Gralon"  # Gralon
            "Gratcant"  # Gratcant
            "Gregor"  # Gregor
            "Gregory"  # Gregory
            "Grifiud"  # Grifiud
            "Ruffinus"  # Ruffinus
            "Guallon"  # Guallon
            "Gualter"  # Gualter
            "Walter"  # Walter
            "Gudual"  # Gudual
            "Guecon"  # Guecon
            "Guenerdon"  # Guenerdon
            "Guenhael"  # Guenhael
            "Guentanet"  # Guentanet
            "Guentiern"  # Guentiern
            "Gui"  # Gui
            "Guy"  # Guy
            "Guiharan"  # Guiharan
            "Guihomarch"  # Guihomarch
            "Guihomart"  # Guihomart
            "Guilherm"  # Guilherm
            "威廉"  # William
            "Guincalon"  # Guincalon
            "Guincum"  # Guincum
            "Guinhael"  # Guinhael
            "Guinhoiarn"  # Guinhoiarn
            "Guinoc"  # Guinoc
            "Guinol"  # Guinol
            "Winaloe"  # Winaloe
            "Guithrit"  # Guithrit
            "Guitol"  # Guitol
            "Vitalis"  # Vitalis
            "Guobrian"  # Guobrian
            "Guocon"  # Guocon
            "Guoedanau"  # Guoedanau
            "Guoedatoe"  # Guoedatoe
            "Guoednou"  # Guoednou
            "Guoethoiarn"  # Guoethoiarn
            "Guoletec"  # Guoletec
            "Guorbili"  # Guorbili
            "Guordotal"  # Guordotal
            "Guoretan"  # Guoretan
            "Guorethoiarn"  # Guorethoiarn
            "Guorhoiarn"  # Guorhoiarn
            "Gurbodu"  # Gurbodu
            "Gurcant"  # Gurcant
            "Gurcencor"  # Gurcencor
            "Gurceneu"  # Gurceneu
            "Gwrgeneu"  # Gwrgeneu
            "Gurci"  # Gurci
            "Gwrgi"  # Gwrgi
            "Gurcon"  # Gurcon
            "Gurdilic"  # Gurdilic
            "Gurgen"  # Gurgen
            "Gurguaret"  # Gurguaret
            "Gurguist"  # Gurguist
            "Gurguistl"  # Gurguistl
            "Fergus"  # Fergus
            "Gurheter"  # Gurheter
            "Guriant"  # Guriant
            "Viriathius"  # Viriathius
            "Gurlouen"  # Gurlouen
            "Gurmael"  # Gurmael
            "Gurmaeloc"  # Gurmaeloc
            "Gurmhaelon"  # Gurmhaelon
            "Gurthcid"  # Gurthcid
            "Gurthiern"  # Gurthiern
            "Vortigern"  # Vortigern
            "Guruant"  # Guruant
            "Guerech"  # Guerech
            "Gueroc"  # Gueroc
            "Guethenan"  # Guethenan
            "Guethencar"  # Guethencar
            "Guethencor"  # Guethencor
            "Guethenwoïon"  # Guethenwoïon
            "Guethenhoiarn"  # Guethenhoiarn
            "Guethenoc"  # Guethenoc
            "哈尔科马尔"  # Haelcomarch
            "哈尔格唐"  # Haelguethen
            "哈尔居奥雷"  # Haelguoret
            "Haelhoiarn"  # Haelhoiarn
            "Haeloc"  # Haeloc
            "Haeloubri"  # Haeloubri
            "Herori"  # Herori
            "Haermael"  # Haermael
            "Hammelin"  # Hammelin
            "Hamelin"  # Hamelin
            "Hamon"  # Hamon
            "Harscoit"  # Harscoit
            "Hedyn"  # Hedyn
            "Heranal"  # Heranal
            "Herri"  # Herri
            "Henry"  # Henry
            "Hesdren"  # Hesdren
            "Hincomhal"  # Hincomhal
            "Hinguethen"  # Hinguethen
            "Hocar"  # Hocar
            "Hoconan"  # Hoconan
            "Honfroi"  # Honfroi
            "Hoël"  # Hoël
            "Hywel"  # Hywel
            "Huiarnal"  # Huiarnal
            "Huiarnbili"  # Huiarnbili
            "Huiarnviu"  # Huiarnviu
            "Harvey"  # Harvey
            "Hunfroi"  # Hunfroi
            "Humphrey"  # Humphrey
            "Iacob"  # Iacob
            "Jacob"  # Jacob
            "Iarcun"  # Iarcun
            "Iarnbud"  # Iarnbud
            "Iarncant"  # Iarncant
            "Iarncar"  # Iarncar
            "Iarndetguid"  # Iarndetguid
            "Iarnegon"  # Iarnegon
            "Jarnegon"  # Jarnegon
            "Iarnuallon"  # Iarnuallon
            "Iarnuocon"  # Iarnuocon
            "Iarnhitin"  # Iarnhitin
            "Iedechael"  # Iedechael
            "Iehan"  # Iehan
            "约翰"  # John
            "Ilcarthon"  # Ilcarthon
            "Ildut"  # Ildut
            "Iliud"  # Iliud
            "Inisian"  # Inisian
            "Iocilin"  # Iocilin
            "Joscelin"  # Joscelin
            "Iodoc"  # Iodoc
            "Ionas"  # Ionas
            "Jonas"  # Jonas
            "Iosep"  # Iosep
            "Joseph"  # Joseph
            "Iudcum"  # Iudcum
            "Iuduallon"  # Iuduallon
            "Idwallon"  # Idwallon
            "Ithel"  # Ithel
            "Iudicael"  # Iudicael
            "Judicael"  # Judicael
            "Iudnerth"  # Iudnerth
            "Idnerth"  # Idnerth
            "Iudnimet"  # Iudnimet
            "Ednyfed"  # Ednyfed
            "Iustoc"  # Iustoc
            "Iudoc"  # Iudoc
            "Iudual"  # Iudual
            "Idwal"  # Idwal
            "Iumael"  # Iumael
            "Iunceneu"  # Iunceneu
            "Iunuocon"  # Iunuocon
            "Iunmonoc"  # Iunmonoc
            "Jord"  # Jord
            "乔治"  # George
            "Leucum"  # Leucum
            "卢瓦"  # Loi
            "Lorens"  # Lorens
            "Laurence"  # Laurence
            "Louenan"  # Louenan
            "Loumarch"  # Loumarch
            "Llywarch"  # Llywarch
            "Louïs"  # Louïs
            "Iudhael"  # Iudhael
            "Louis"  # Louis
            "Maelcon"  # Maelcon
            "Maelgwn"  # Maelgwn
            "Maeldoï"  # Maeldoï
            "Maelhuedoc"  # Maelhuedoc
            "Maeloc"  # Maeloc
            "Maelscoet"  # Maelscoet
            "Maelscuet"  # Maelscuet
            "Maenceneu"  # Maenceneu
            "Maenci"  # Maenci
            "March"  # March
            "Marthin"  # Marthin
            "Martin"  # Martin
            "Matheudoï"  # Matheudoï
            "Mathias"  # Mathias
            "Matthew"  # Matthew
            "Matoc"  # Matoc
            "Matad"  # Matad
            "Matuid"  # Matuid
            "Maugan"  # Maugan
            "Mauric"  # Mauric
            "Maurice"  # Maurice
            "Medrod"  # Medrod
            "Meldroc"  # Meldroc
            "Meriadoc"  # Meriadoc
            "Mermin"  # Mermin
            "Merfyn"  # Merfyn
            "Meugan"  # Meugan
            "Mawgan"  # Mawgan
            "Meven"  # Meven
            "Michel"  # Michel
            "Michael"  # Michael
            "Morcant"  # Morcant
            "Morgan"  # Morgan
            "Morcondeleu"  # Morcondeleu
            "Morgen"  # Morgen
            "Morguethen"  # Morguethen
            "Morhaetho"  # Morhaetho
            "Mormarch"  # Mormarch
            "Morfarch"  # Morfarch
            "Morvan"  # Morvan
            "Mortiern"  # Mortiern
            "Neven"  # Neven
            "Nicolas"  # Nicolas
            "Nicholas"  # Nicholas
            "Nodhoiarn"  # Nodhoiarn
            "Nominoë"  # Nominoë
            "Nougui"  # Nougui
            "Nowy"  # Nowy
            "Oliuer"  # Oliuer
            "Oliver"  # Oliver
            "Oswallt"  # Oswallt
            "Oswald"  # Oswald
            "Padric"  # Padric
            "Patrick"  # Patrick
            "Paol"  # Paol
            "Paul"  # Paul
            "Pasquitan"  # Pasquitan
            "Patern"  # Patern
            "Paternus"  # Paternus
            "Petroc"  # Petroc
            "Phelippe"  # Phelippe
            "Phillip"  # Phillip
            "Piran"  # Piran
            "Prigent"  # Prigent
            "Primael"  # Primael
            "Primarhoc"  # Primarhoc
            "Putrael"  # Putrael
            "彼得"  # Peter
            "Ralf"  # Ralf
            "Raoul"  # Raoul
            "Ralph"  # Ralph
            "Renan"  # Renan
            "Resmen"  # Resmen
            "Riacet"  # Riacet
            "Ribald"  # Ribald
            "Ricart"  # Ricart
            "Richard"  # Richard
            "Riceneu"  # Riceneu
            "Ricenus"  # Ricenus
            "Richwin"  # Richwin
            "Riualtr"  # Riualtr
            "Rihouen"  # Rihouen
            "Rinduran"  # Rinduran
            "Rioc"  # Rioc
            "Riol"  # Riol
            "Riwal"  # Riwal
            "Riuallon"  # Riuallon
            "Rhiwallon"  # Rhiwallon
            "Rodric"  # Rodric
            "Roderick"  # Roderick
            "Roenualloc"  # Roenualloc
            "Roenuolou"  # Roenuolou
            "Roenhoiarn"  # Roenhoiarn
            "Rolland"  # Rolland
            "Roland"  # Roland
            "Ronan"  # Ronan
            "Roparth"  # Roparth
            "罗贝尔"  # Robert
            "Roucen"  # Roucen
            "Rucenus"  # Rucenus
            "Rumon"  # Rumon
            "Roman"  # Roman
            "Ryd"  # Ryd
            "Salomon"  # Salomon
            "Solomon"  # Solomon
            "桑松"  # Samson
            "Samuel"  # Samuel
            "Stefen"  # Stefen
            "Stephen"  # Stephen
            "Sulgen"  # Sulgen
            "Julian"  # Julian
            "Sulhoiarn"  # Sulhoiarn
            "Sulmonoc"  # Sulmonoc
            "Sultiern"  # Sultiern
            "Talan"  # Talan
            "Talhoiarn"  # Talhoiarn
            "Tanci"  # Tanci
            "Tanet"  # Tanet
            "Tanhoiarn"  # Tanhoiarn
            "Telent"  # Telent
            "Terithien"  # Terithien
            "Tethion"  # Tethion
            "Teudric"  # Teudric
            "Theodoric"  # Theodoric
            "Teudur"  # Teudur
            "Theodore"  # Theodore
            "Tibault"  # Tibault
            "Theobald"  # Theobald
            "Tiernan"  # Tiernan
            "Tiernmael"  # Tiernmael
            "Tiernoc"  # Tiernoc
            "Tiernualloc"  # Tiernualloc
            "Tiernuallon"  # Tiernuallon
            "Treveur"  # Treveur
            "Tristan"  # Tristan
            "Tuduallon"  # Tuduallon
            "Tudwallon"  # Tudwallon
            "Tudur"  # Tudur
            "Tugdual"  # Tugdual
            "Tuathal"  # Tuathal
            "Ungust"  # Ungust
            "Urbcen"  # Urbcen
            "Urbgenius"  # Urbgenius
            "Urbien"  # Urbien
            "Urban"  # Urban
            "Urblon"  # Urblon
            "Urvod"  # Urvod
            "Uther"  # Uther
            "Vincenne"  # Vincenne
            "Vincent"  # Vincent
            "Victor"  # Victor
            "Salenn"  # Salenn
            "Roenuallon"  # Roenuallon
            "Ridoredh"  # Ridoredh
            "Pêr"  # Pêr
            "Pascueten"  # Pascueten
            "Nodethael"  # Nodethael
            "Mordred"  # Mordred
            "Marcus"  # Marcus
        }
        female_names = {
            "Aanor"  # Aanor
            "Abrelda"  # Abrelda
            "Adela"  # Adela
            "Adelaïda"  # Adelaïda
            "Adelaide"  # Adelaide
            "Adelindis"  # Adelindis
            "Adeltrudis"  # Adeltrudis
            "Aedoc"  # Aedoc
            "Aeluit"  # Aeluit
            "Aelwyd"  # Aelwyd
            "Agnes"  # Agnes
            "Alana"  # Alana
            "Alis"  # Alis
            "Anne"  # Anne
            "Claudine"  # Claudine
            "Alice"  # Alice
            "Anaguistl"  # Anaguistl
            "Anaudat"  # Anaudat
            "Anaudrec"  # Anaudrec
            "Anauhouguel"  # Anauhouguel
            "Anauprost"  # Anauprost
            "Andrea"  # Andrea
            "安娜"  # Anna
            "Aourcen"  # Aourcen
            "Aouregan"  # Aouregan
            "Aourell"  # Aourell
            "Aouren"  # Aouren
            "Argantan"  # Argantan
            "Argantdrec"  # Argantdrec
            "Arganteila"  # Arganteila
            "Arganteilin"  # Arganteilin
            "Argantguistl"  # Argantguistl
            "Arganthael"  # Arganthael
            "Argantlon"  # Argantlon
            "Artaca"  # Artaca
            "Avandrec"  # Avandrec
            "Avenie"  # Avenie
            "Beladora"  # Beladora
            "Beladore"  # Beladore
            "Berchet"  # Berchet
            "Brigid"  # Brigid
            "Berengaria"  # Berengaria
            "Bernegarda"  # Bernegarda
            "Berta"  # Berta
            "Bertha"  # Bertha
            "Bertissa"  # Bertissa
            "Bleutuen"  # Bleutuen
            "Blodwen"  # Blodwen
            "Brendana"  # Brendana
            "Bronuen"  # Bronuen
            "Bronwen"  # Bronwen
            "Buriana"  # Buriana
            "Canna"  # Canna
            "Cateline"  # Cateline
            "Catherine"  # Catherine
            "Catguistl"  # Catguistl
            "Cecilia"  # Cecilia
            "Ceindrec"  # Ceindrec
            "Cagintria"  # Cagintria
            "Ceinguled"  # Ceinguled
            "Cleirui"  # Cleirui
            "Creirwy"  # Creirwy
            "Condeleu"  # Condeleu
            "Constansa"  # Constansa
            "Constance"  # Constance
            "Cristen"  # Cristen
            "克里斯蒂娜"  # Christina
            "Dengel"  # Dengel
            "Deniela"  # Deniela
            "Denise"  # Denise
            "Diuset"  # Diuset
            "Dreanau"  # Dreanau
            "Drebiu"  # Drebiu
            "Dreguoreth"  # Dreguoreth
            "Drelouguen"  # Drelouguen
            "Drilego"  # Drilego
            "Duihon"  # Duihon
            "Elara"  # Elara
            "Eleina"  # Eleina
            "Elaine"  # Elaine
            "Elena"  # Elena
            "Helen"  # Helen
            "Elesbed"  # Elesbed
            "伊丽莎白"  # Elizabeth
            "Elisaued"  # Elisaued
            "伊丽莎白"  # Elizabeth
            "Elwen"  # Elwen
            "Emma"  # Emma
            "Endellion"  # Endellion
            "Ennoguent"  # Ennoguent
            "Enoguen"  # Enoguen
            "Enora"  # Enora
            "Eonnecte"  # Eonnecte
            "Joan"  # Joan
            "Erouana"  # Erouana
            "Yvonne"  # Yvonne
            "Ewsannec"  # Ewsannec
            "Fuandrec"  # Fuandrec
            "Gaela"  # Gaela
            "Geberga"  # Geberga
            "Geberga"  # Geberga
            "Glades"  # Glades
            "Claudia"  # Claudia
            "Gloiucen"  # Gloiucen
            "Gloiumed"  # Gloiumed
            "Guelet"  # Guelet
            "Guenbrith"  # Guenbrith
            "Guencen"  # Guencen
            "Guencenedl"  # Guencenedl
            "Guencor"  # Guencor
            "Guenguerthlon"  # Guenguerthlon
            "Guenguistl"  # Guenguistl
            "Guenguiu"  # Guenguiu
            "Guenmon"  # Guenmon
            "Guenna"  # Guenna
            "Guenneret"  # Guenneret
            "Guennguar"  # Guennguar
            "Gueruel"  # Gueruel
            "Gwerfyl"  # Gwerfyl
            "Guillemecte"  # Guillemecte
            "Williamette"  # Williamette
            "Gwenn"  # Gwenn
            "Gwen"  # Gwen
            "Halbiu"  # Halbiu
            "Hawis"  # Hawis
            "Hawise"  # Hawise
            "Herannuen"  # Herannuen
            "Hodierne"  # Hodierne
            "Igerna"  # Igerna
            "Ignoguen"  # Ignoguen
            "Ildegarda"  # Ildegarda
            "Hildegarde"  # Hildegarde
            "Iofa"  # Iofa
            "Iouenna"  # Iouenna
            "Joan"  # Joan
            "Isabelle"  # Isabelle
            "伊丽莎白"  # Elizabeth
            "Iseult"  # Iseult
            "Hersilia"  # Hersilia
            "Iudhent"  # Iudhent
            "Iudlouguen"  # Iudlouguen
            "Iudprost"  # Iudprost
            "Janed"  # Janed
            "Joan"  # Joan
            "Judhael"  # Judhael
            "Judith"  # Judith
            "Languoret"  # Languoret
            "Leonore"  # Leonore
            "Eleanor"  # Eleanor
            "Leueer"  # Leueer
            "Leuhemel"  # Leuhemel
            "Leuoc"  # Leuoc
            "Louhelic"  # Louhelic
            "Luncen"  # Luncen
            "Maben"  # Maben
            "Magdalene"  # Magdalene
            "Magdalena"  # Magdalena
            "Marguarite"  # Marguarite
            "Margaret"  # Margaret
            "Mari"  # Mari
            "Maria"  # Maria
            "Medguistl"  # Medguistl
            "Meduil"  # Meduil
            "Melita"  # Melita
            "Milian"  # Milian
            "Mona"  # Mona
            "Mona"  # Mona
            "Morganne"  # Morganne
            "Morganna"  # Morganna
            "Morguetel"  # Morguetel
            "Moruen"  # Moruen
            "Murron"  # Murron
            "Moruith"  # Moruith
            "Morvana"  # Morvana
            "Neulenna"  # Neulenna
            "Neulenna"  # Neulenna
            "Nodguoret"  # Nodguoret
            "Nodiunet"  # Nodiunet
            "Nolwenne"  # Nolwenne
            "Nonne"  # Nonne
            "Nonna"  # Nonna
            "Oncenedl"  # Oncenedl
            "Oncum"  # Oncum
            "Onguen"  # Onguen
            "Ordguydel"  # Ordguydel
            "Ourcen"  # Ourcen
            "Ourdilic"  # Ourdilic
            "Proscen"  # Proscen
            "Prosguetel"  # Prosguetel
            "Prostlon"  # Prostlon
            "Rannoeu"  # Rannoeu
            "Riguistl"  # Riguistl
            "Rimoet"  # Rimoet
            "Rioanon"  # Rioanon
            "Rioanon"  # Rioanon
            "Rhiannon"  # Rhiannon
            "Rioantcen"  # Rioantcen
            "Rioantdrec"  # Rioantdrec
            "Rioantdrec"  # Rioantdrec
            "Rioantel"  # Rioantel
            "Rioantguellt"  # Rioantguellt
            "Regina"  # Regina
            "Roenhael"  # Roenhael
            "Roinoc"  # Roinoc
            "Ronana"  # Ronana
            "Rozenn"  # Rozenn
            "Rum"  # Rum
            "Rumun"  # Rumun
            "Stefania"  # Stefania
            "Stephania"  # Stephania
            "Steren"  # Steren
            "Sulcar"  # Sulcar
            "Sulcen"  # Sulcen
            "Sulgubri"  # Sulgubri
            "Sulgwen"  # Sulgwen
            "Sulleisoc"  # Sulleisoc
            "Sulmed"  # Sulmed
            "Susanne"  # Susanne
            "Susanna"  # Susanna
            "Tandrec"  # Tandrec
            "Tanetbiu"  # Tanetbiu
            "Tanetlowen"  # Tanetlowen
            "Tanguistl"  # Tanguistl
            "Tancostyla"  # Tancostyla
            "Tedvil"  # Tedvil
            "Tephaine"  # Tephaine
            "Thomine"  # Thomine
            "Tibourge"  # Tibourge
            "Tiburge"  # Tiburge
            "Trifine"  # Trifine
            "Tristana"  # Tristana
            "Uriell"  # Uriell
            "Seva"  # Seva
            "Perenn"  # Perenn
            "Meonre"  # Meonre
            "Ilcum"  # Ilcum
            "Guigoëdon"  # Guigoëdon
            "Drichglur"  # Drichglur
            "Berthildis"  # Berthildis
            "Argantmoet"  # Argantmoet
        }
    }
    dynasty_names = {
        "德 瓦卢瓦"  # de Valois
        "德 波旁"  # de Bourbon
        "德 拉图"  # de la Tour
        "德 安茹"  # d'Anjou
        "de Lorraine"  # de Lorraine
        "de Foix"  # de Foix
        "de Montfort"  # de Montfort
        "de Blois"  # de Blois
        "de Penthievre"  # de Penthievre
        "de Dreux"  # de Dreux
        "de Rohan"  # de Rohan
        "de Bar"  # de Bar
        "d'Albert"  # d'Albert
        "d'Escoubleau"  # d'Escoubleau
        "de Neufville"  # de Neufville
        "de Bourgogne"  # de Bourgogne
        "de Castellane"  # de Castellane
        "d'Auvergne"  # d'Auvergne
        "de Montbéliard"  # de Montbéliard
        "de Metz"  # de Metz
        "de Laval"  # de Laval
        "de la Tour du Pin"  # de la Tour du Pin
        "de La Trémoille"  # de La Trémoille
        "de Créquy"  # de Créquy
        "de Broglie"  # de Broglie
        "de Montesquiou"  # de Montesquiou
        "de Courtenay"  # de Courtenay
        "d'Harcourt"  # d'Harcourt
        "de La Croix"  # de La Croix
        "Le Tellier"  # Le Tellier
        "de Rochechouart"  # de Rochechouart
        "d'Aumont"  # d'Aumont
        "de Vergy"  # de Vergy
        "de Saboulin"  # de Saboulin
        "de Gramont"  # de Gramont
        "de Bissy"  # de Bissy
        "de Barrau"  # de Barrau
        "de La Fayette"  # de La Fayette
        "d'Armagnac"  # d'Armagnac
        "de Rougé"  # de Rougé
        "du Quenoy"  # du Quenoy
        "de Ficquelmont"  # de Ficquelmont
        "de Talleyrand"  # de Talleyrand
        "德 桑蒂农"  # de Saintignon
        "冯 卢森堡"  # von Luxemburg
        "de Montmorency"  # de Montmorency
        "de Savoie"  # de Savoie
        "de Vaudemont"  # de Vaudemont
        "de Nicolaÿ"  # de Nicolaÿ
    }
    male_names = {
        "Édouard"  # Édouard
        "Érrard"  # Érrard
        "Étienne"  # Étienne
        "Adémar"  # Adémar
        "Adrien"  # Adrien
        "Aimery"  # Aimery
        "Alain"  # Alain
        "Aldebert"  # Aldebert
        "Aldéric"  # Aldéric
        "Alphonse"  # Alphonse
        "Amaury"  # Amaury
        "Amédée"  # Amédée
        "Ancel"  # Ancel
        "André"  # André
        "Antoine"  # Antoine
        "Archambaud"  # Archambaud
        "Arnaud"  # Arnaud
        "Arnault"  # Arnault
        "Arnoul"  # Arnoul
        "Aubry"  # Aubry
        "Aymar"  # Aymar
        "Barthélémi"  # Barthélémi
        "Baudouin"  # Baudouin
        "Benoît"  # Benoît
        "Bérenger"  # Bérenger
        "Bernard"  # Bernard
        "Bertrand"  # Bertrand
        "Bohemond"  # Bohemond
        "Boson"  # Boson
        "Bouchard"  # Bouchard
        "Centule"  # Centule
        "Charles"  # Charles
        "Clotaire"  # Clotaire
        "Ebbon"  # Ebbon
        "Enguerrand"  # Enguerrand
        "Eudes"  # Eudes
        "Eustache"  # Eustache
        "Evrard"  # Evrard
        "Foulques"  # Foulques
        "François"  # François
        "Frédéric"  # Frédéric
        "Gaucher"  # Gaucher
        "Gaucelin"  # Gaucelin
        "Gauthier"  # Gauthier
        "Geoffroi"  # Geoffroi
        "Géraud"  # Géraud
        "Gilbert"  # Gilbert
        "Gilles"  # Gilles
        "Godefroi"  # Godefroi
        "Guichard"  # Guichard
        "Guiges"  # Guiges
        "Guilhem"  # Guilhem
        "Guillaume"  # Guillaume
        "Guy"  # Guy
        "Hélie"  # Hélie
        "Hamelin"  # Hamelin
        "Henri"  # Henri
        "Herbert"  # Herbert
        "Hildebert"  # Hildebert
        "Hugues"  # Hugues
        "Humbert"  # Humbert
        "雅克"  # Jacques
        "Jaufré"  # Jaufré
        "Jaspert"  # Jaspert
        "Jean"  # Jean
        "Jourdain"  # Jourdain
        "Julien"  # Julien
        "Léon"  # Léon
        "Léonard"  # Léonard
        "Lothaire"  # Lothaire
        "Louis"  # Louis
        "Loup"  # Loup
        "Mathieu"  # Mathieu
        "Maurice"  # Maurice
        "Nicolas"  # Nicolas
        "Ogier"  # Ogier
        "Onfroi"  # Onfroi
        "Orson"  # Orson
        "Othon"  # Othon
        "Payen"  # Payen
        "Philippe"  # Philippe
        "Pierre"  # Pierre
        "Raimbaut"  # Raimbaut
        "Raoul"  # Raoul
        "Raymond"  # Raymond
        "Raynaud"  # Raynaud
        "Renaud"  # Renaud
        "Richard"  # Richard
        "罗贝尔"  # Robert
        "Robin"  # Robin
        "Roger"  # Roger
        "Rorgues"  # Rorgues
        "Roubaud"  # Roubaud
        "Savary"  # Savary
        "Sigismond"  # Sigismond
        "Simon"  # Simon
        "蒂博"  # Thibault
        "Thiébaut"  # Thiébaut
        "蒂埃里"  # Thierry
        "Thomas"  # Thomas
        "Valeran"  # Valeran
        "Yves"  # Yves
    }
    female_names = {
        "Éléonore"  # Éléonore
        "Élodie"  # Élodie
        "Étiennette"  # Étiennette
        "Adèle"  # Adèle
        "Adalmode"  # Adalmode
        "Adelaide"  # Adelaide
        "Adelinde"  # Adelinde
        "Agnès"  # Agnès
        "Aléarde"  # Aléarde
        "Alice"  # Alice
        "Aliénor"  # Aliénor
        "Agathe"  # Agathe
        "Alix"  # Alix
        "Almodis"  # Almodis
        "Amelie"  # Amelie
        "Anne"  # Anne
        "Antoinette"  # Antoinette
        "Arsinde"  # Arsinde
        "Aude"  # Aude
        "Aurengarde"  # Aurengarde
        "Béatrice"  # Béatrice
        "Béatrix"  # Béatrix
        "Belleassez"  # Belleassez
        "Benoîte"  # Benoîte
        "Bérengère"  # Bérengère
        "Berthe"  # Berthe
        "Blanche"  # Blanche
        "Bonne"  # Bonne
        "Bourgogne"  # Bourgogne
        "Bourguigne"  # Bourguigne
        "Cécile"  # Cécile
        "Cathèrine"  # Cathèrine
        "Charlotte"  # Charlotte
        "Constance"  # Constance
        "Denise"  # Denise
        "Douce"  # Douce
        "Echive"  # Echive
        "Eglantine"  # Eglantine
        "伊丽莎白"  # Elisabeth
        "Emma"  # Emma
        "Ermengarde"  # Ermengarde
        "Ermessinde"  # Ermessinde
        "Esclarmonde"  # Esclarmonde
        "Euphrosine"  # Euphrosine
        "Eustachie"  # Eustachie
        "Eve"  # Eve
        "Gerberge"  # Gerberge
        "Gisèle"  # Gisèle
        "Guillaumette"  # Guillaumette
        "Héloise"  # Héloise
        "Helvis"  # Helvis
        "Hodierne"  # Hodierne
        "Ide"  # Ide
        "Ildégarde"  # Ildégarde
        "Isabeau"  # Isabeau
        "Isabelle"  # Isabelle
        "Jeanne"  # Jeanne
        "Judith"  # Judith
        "Julienne"  # Julienne
        "Mafalda"  # Mafalda
        "Mahaut"  # Mahaut
        "Margot"  # Margot
        "Marguerite"  # Marguerite
        "Marie"  # Marie
        "Marthe"  # Marthe
        "Mascarose"  # Mascarose
        "Mathilde"  # Mathilde
        "Mélisande"  # Mélisande
        "Mélisende"  # Mélisende
        "Mélusine"  # Mélusine
        "Péronelle"  # Péronelle
        "Pernelle"  # Pernelle
        "Perinne"  # Perinne
        "Pernette"  # Pernette
        "Plaisance"  # Plaisance
        "Raymonde"  # Raymonde
        "Sarrazine"  # Sarrazine
        "Solène"  # Solène
        "Sophie"  # Sophie
        "Stéphanie"  # Stéphanie
        "Sybille"  # Sybille
        "Tiburge"  # Tiburge
        "Valence"  # Valence
        "Yolande"  # Yolande
    }
}