baltic = {
    graphical_culture = easterngfx
    estonian = {
        primary = EST
        dynasty_names = {
            "Bielke"  # Bielke
            "Horn"  # Horn
            "Tott"  # Tott
            "Fleming"  # Fleming
            "Paijkull"  # Paijkull
            "Bonde"  # Bonde
            "Wrede"  # Wrede
            "Soop"  # Soop
            "Mannerheim"  # Mannerheim
            "Furuhjelm"  # Furuhjelm
            "Aminoff"  # Aminoff
            "Armfelt"  # Armfelt
            "Carpelan"  # Carpelan
            "Rehbinder"  # Rehbinder
            "Schulman"  # Schulman
        }
        male_names = {
            "Aabel"  # Aabel
            "Aabraham"  # Aabraham
            "Aadu"  # Aadu
            "Aare"  # Aare
            "Aarne"  # Aarne
            "Aaron"  # Aaron
            "Ago"  # Ago
            "Agu"  # Agu
            "Ahti"  # Ahti
            "Ahto"  # Ahto
            "Aigar"  # Aigar
            "Ain"  # Ain
            "Aivar"  # Aivar
            "Aivo"  # Aivo
            "Aksel"  # Aksel
            "Alar"  # Alar
            "Alari"  # Alari
            "Albert"  # Albert
            "Aleks"  # Aleks
            "Aleksander"  # Aleksander
            "Allan"  # Allan
            "Allar"  # Allar
            "Alo"  # Alo
            "Alvar"  # Alvar
            "Ando"  # Ando
            "Andre"  # Andre
            "Andreas"  # Andreas
            "Andres"  # Andres
            "Andrus"  # Andrus
            "Anti"  # Anti
            "Anton"  # Anton
            "Ants"  # Ants
            "Ardi"  # Ardi
            "Ardo"  # Ardo
            "Arno"  # Arno
            "Arnold"  # Arnold
            "Arti"  # Arti
            "Artur"  # Artur
            "Arved"  # Arved
            "Arvi"  # Arvi
            "Arvo"  # Arvo
            "Asko"  # Asko
            "August"  # August
            "Edgar"  # Edgar
            "Eduard"  # Eduard
            "Eedo"  # Eedo
            "Eedu"  # Eedu
            "Eerik"  # Eerik
            "Eero"  # Eero
            "Egert"  # Egert
            "Egon"  # Egon
            "Einar"  # Einar
            "Eino"  # Eino
            "Elias"  # Elias
            "Elmar"  # Elmar
            "Elmo"  # Elmo
            "Endel"  # Endel
            "Endrik"  # Endrik
            "Enn"  # Enn
            "Enno"  # Enno
            "Ergo"  # Ergo
            "Erik"  # Erik
            "Erki"  # Erki
            "Erko"  # Erko
            "Erlend"  # Erlend
            "Ermo"  # Ermo
            "Evald"  # Evald
            "Evert"  # Evert
            "Feliks"  # Feliks
            "Georg"  # Georg
            "Gert"  # Gert
            "Gunnar"  # Gunnar
            "Gustav"  # Gustav
            "Hannes"  # Hannes
            "Hans"  # Hans
            "Hardi"  # Hardi
            "Harri"  # Harri
            "Heigo"  # Heigo
            "Heiki"  # Heiki
            "Heino"  # Heino
            "Heiti"  # Heiti
            "Hendrik"  # Hendrik
            "Henn"  # Henn
            "Henri"  # Henri
            "Hillar"  # Hillar
            "Iisak"  # Iisak
            "Illar"  # Illar
            "Illimar"  # Illimar
            "Ilmar"  # Ilmar
            "Ilmo"  # Ilmo
            "Imre"  # Imre
            "Indrek"  # Indrek
            "Innar"  # Innar
            "Ivar"  # Ivar
            "Ivari"  # Ivari
            "Ivo"  # Ivo
            "Jaagup"  # Jaagup
            "Jaak"  # Jaak
            "Jaakob"  # Jaakob
            "Jaan"  # Jaan
            "Jaanus"  # Jaanus
            "Jakob"  # Jakob
            "Janar"  # Janar
            "Janek"  # Janek
            "Janno"  # Janno
            "Jass"  # Jass
            "Joel"  # Joel
            "Johannes"  # Johannes
            "Joona"  # Joona
            "Joonas"  # Joonas
            "Joonatan"  # Joonatan
            "Joosep"  # Joosep
            "Juhan"  # Juhan
            "Juho"  # Juho
            "Jukk"  # Jukk
            "Juss"  # Juss
            "Jürgen"  # Jürgen
            "Jüri"  # Jüri
            "Jürjo"  # Jürjo
            "Kaarel"  # Kaarel
            "Kaido"  # Kaido
            "Kajar"  # Kajar
            "Kalev"  # Kalev
            "Kaljo"  # Kaljo
            "Kalju"  # Kalju
            "Kalle"  # Kalle
            "Kardo"  # Kardo
            "卡尔"  # Karl
            "Kaspar"  # Kaspar
            "Kaupo"  # Kaupo
            "Kaur"  # Kaur
            "Kauri"  # Kauri
            "Ken"  # Ken
            "Kermo"  # Kermo
            "Kert"  # Kert
            "Kevin"  # Kevin
            "Koit"  # Koit
            "Kristen"  # Kristen
            "Kristian"  # Kristian
            "Kristjan"  # Kristjan
            "Kristo"  # Kristo
            "Kristofer"  # Kristofer
            "Kuldar"  # Kuldar
            "Kunnar"  # Kunnar
            "Kusta"  # Kusta
            "Kustas"  # Kustas
            "Kustav"  # Kustav
            "Küllo"  # Küllo
            "Laur"  # Laur
            "Lauri"  # Lauri
            "Leevi"  # Leevi
            "Leho"  # Leho
            "Lembit"  # Lembit
            "Lennart"  # Lennart
            "Luukas"  # Luukas
            "Maanus"  # Maanus
            "Maarjo"  # Maarjo
            "Madi"  # Madi
            "Madis"  # Madis
            "Magnus"  # Magnus
            "Maido"  # Maido
            "Mairo"  # Mairo
            "Mait"  # Mait
            "Marek"  # Marek
            "Margo"  # Margo
            "Margus"  # Margus
            "Mario"  # Mario
            "Mark"  # Mark
            "Marko"  # Marko
            "Markus"  # Markus
            "Marten"  # Marten
            "Marti"  # Marti
            "Martin"  # Martin
            "Mati"  # Mati
            "Matteus"  # Matteus
            "Mattias"  # Mattias
            "Meelis"  # Meelis
            "Meeme"  # Meeme
            "Mehis"  # Mehis
            "Mihkel"  # Mihkel
            "Miikael"  # Miikael
            "Mikk"  # Mikk
            "Märt"  # Märt
            "Neeme"  # Neeme
            "Nigul"  # Nigul
            "Nigulas"  # Nigulas
            "Niilo"  # Niilo
            "Nuut"  # Nuut
            "Olari"  # Olari
            "Olavi"  # Olavi
            "Olev"  # Olev
            "Oliver"  # Oliver
            "Oskar"  # Oskar
            "Ott"  # Ott
            "Otto"  # Otto
            "Paavo"  # Paavo
            "Paul"  # Paul
            "Paulus"  # Paulus
            "Peep"  # Peep
            "Peeter"  # Peeter
            "Peetrus"  # Peetrus
            "Priidu"  # Priidu
            "Priit"  # Priit
            "Ragnar"  # Ragnar
            "Raido"  # Raido
            "Raigo"  # Raigo
            "Raiko"  # Raiko
            "Raimo"  # Raimo
            "Raimond"  # Raimond
            "Rain"  # Rain
            "Rainer"  # Rainer
            "Rait"  # Rait
            "Raivo"  # Raivo
            "Rando"  # Rando
            "Ranno"  # Ranno
            "Rasmus"  # Rasmus
            "Raul"  # Raul
            "Rauno"  # Rauno
            "Reedik"  # Reedik
            "Reigo"  # Reigo
            "Rein"  # Rein
            "Reio"  # Reio
            "Rene"  # Rene
            "Richard"  # Richard
            "Rihard"  # Rihard
            "Riho"  # Riho
            "Riivo"  # Riivo
            "Risto"  # Risto
            "罗伯特"  # Robert
            "Robi"  # Robi
            "Robin"  # Robin
            "Roland"  # Roland
            "Roman"  # Roman
            "Romet"  # Romet
            "Roomet"  # Roomet
            "Rudolf"  # Rudolf
            "Ruuben"  # Ruuben
            "Ruudi"  # Ruudi
            "Ruut"  # Ruut
            "Rünno"  # Rünno
            "Saamuel"  # Saamuel
            "Sander"  # Sander
            "Siim"  # Siim
            "Siimeon"  # Siimeon
            "Siimon"  # Siimon
            "Silver"  # Silver
            "Sten"  # Sten
            "Sulev"  # Sulev
            "Sven"  # Sven
            "Taaniel"  # Taaniel
            "Taavet"  # Taavet
            "Taavi"  # Taavi
            "Taavo"  # Taavo
            "Taivo"  # Taivo
            "Tambet"  # Tambet
            "Tanel"  # Tanel
            "Tarmo"  # Tarmo
            "Tarvi"  # Tarvi
            "Tarvo"  # Tarvo
            "Tauno"  # Tauno
            "Tauri"  # Tauri
            "Teet"  # Teet
            "Tiidrik"  # Tiidrik
            "Tiit"  # Tiit
            "Tiitus"  # Tiitus
            "Timmo"  # Timmo
            "Timmu"  # Timmu
            "Timo"  # Timo
            "Toivo"  # Toivo
            "Toomas"  # Toomas
            "Tormi"  # Tormi
            "Tuudor"  # Tuudor
            "Tõnis"  # Tõnis
            "Tõnu"  # Tõnu
            "Udo"  # Udo
            "Uku"  # Uku
            "Uno"  # Uno
            "Urmas"  # Urmas
            "Urmet"  # Urmet
            "Urmo"  # Urmo
            "Uudo"  # Uudo
            "Vahur"  # Vahur
            "Vaiko"  # Vaiko
            "Vaino"  # Vaino
            "Valdeko"  # Valdeko
            "Valdo"  # Valdo
            "Valdur"  # Valdur
            "Valentin"  # Valentin
            "Vallo"  # Vallo
            "Valter"  # Valter
            "Vambola"  # Vambola
            "Veiko"  # Veiko
            "Veljo"  # Veljo
            "Vello"  # Vello
            "Verner"  # Verner
            "Vidrik"  # Vidrik
            "Viktor"  # Viktor
            "Viljar"  # Viljar
            "Viljo"  # Viljo
            "Ville"  # Ville
            "Villem"  # Villem
            "Villu"  # Villu
            "Voldemar"  # Voldemar
            "Vootele"  # Vootele
            "Väino"  # Väino
            "Ülari"  # Ülari
            "Üllar"  # Üllar
            "Üllo"  # Üllo
            "Ülo"  # Ülo
            "Ürjo"  # Ürjo
        }
        female_names = {
            "Aada"  # Aada
            "Aasa"  # Aasa
            "Aet"  # Aet
            "Age"  # Age
            "Agnes"  # Agnes
            "Aile"  # Aile
            "Aili"  # Aili
            "Aino"  # Aino
            "Ainu"  # Ainu
            "Aire"  # Aire
            "Airi"  # Airi
            "Aita"  # Aita
            "Aive"  # Aive
            "Aleksandra"  # Aleksandra
            "Alina"  # Alina
            "Andra"  # Andra
            "Anete"  # Anete
            "Angela"  # Angela
            "Angelika"  # Angelika
            "Ann"  # Ann
            "安娜"  # Anna
            "Anne"  # Anne
            "Anneli"  # Anneli
            "Anni"  # Anni
            "Annika"  # Annika
            "Anu"  # Anu
            "Asta"  # Asta
            "Astrid"  # Astrid
            "Auli"  # Auli
            "Aune"  # Aune
            "Aurelia"  # Aurelia
            "Ave"  # Ave
            "Berit"  # Berit
            "Birgit"  # Birgit
            "Brita"  # Brita
            "Dagmar"  # Dagmar
            "Diana"  # Diana
            "Ebe"  # Ebe
            "Eda"  # Eda
            "Eeva"  # Eeva
            "Eevi"  # Eevi
            "Egle"  # Egle
            "Eha"  # Eha
            "Eili"  # Eili
            "Eliisa"  # Eliisa
            "Eliisabet"  # Eliisabet
            "Eliise"  # Eliise
            "Elina"  # Elina
            "Elis"  # Elis
            "Elle"  # Elle
            "Ellen"  # Ellen
            "Elo"  # Elo
            "Elvi"  # Elvi
            "Emma"  # Emma
            "Endla"  # Endla
            "Ene"  # Ene
            "Eneli"  # Eneli
            "Epp"  # Epp
            "Ere"  # Ere
            "Erika"  # Erika
            "Esta"  # Esta
            "Ester"  # Ester
            "Eva"  # Eva
            "Eve"  # Eve
            "Evelin"  # Evelin
            "Gerli"  # Gerli
            "Greete"  # Greete
            "Grete"  # Grete
            "Hanna"  # Hanna
            "Hedi"  # Hedi
            "Heidi"  # Heidi
            "Heili"  # Heili
            "Helbe"  # Helbe
            "Hele"  # Hele
            "Helen"  # Helen
            "Helena"  # Helena
            "Heleri"  # Heleri
            "Helga"  # Helga
            "Helgi"  # Helgi
            "Heli"  # Heli
            "Helina"  # Helina
            "Helju"  # Helju
            "Helle"  # Helle
            "Helmi"  # Helmi
            "Helve"  # Helve
            "Hiie"  # Hiie
            "Hilda"  # Hilda
            "Hilja"  # Hilja
            "Hille"  # Hille
            "Iiris"  # Iiris
            "Ille"  # Ille
            "Ilme"  # Ilme
            "Ilona"  # Ilona
            "Imbi"  # Imbi
            "Ines"  # Ines
            "Inga"  # Inga
            "Inge"  # Inge
            "Ingel"  # Ingel
            "Ingrid"  # Ingrid
            "Inna"  # Inna
            "Irene"  # Irene
            "Iris"  # Iris
            "Irja"  # Irja
            "Irma"  # Irma
            "Ivi"  # Ivi
            "Ivika"  # Ivika
            "Jaana"  # Jaana
            "Jaanika"  # Jaanika
            "Jana"  # Jana
            "Jane"  # Jane
            "Janne"  # Janne
            "Johanna"  # Johanna
            "Juta"  # Juta
            "Kaarin"  # Kaarin
            "Kadi"  # Kadi
            "Kadri"  # Kadri
            "Kai"  # Kai
            "Kaia"  # Kaia
            "Kaidi"  # Kaidi
            "Kaie"  # Kaie
            "Kaili"  # Kaili
            "Kairi"  # Kairi
            "Kaisa"  # Kaisa
            "Kaja"  # Kaja
            "Karin"  # Karin
            "Karina"  # Karina
            "Karmen"  # Karmen
            "Karoliina"  # Karoliina
            "Karoliine"  # Karoliine
            "Karolin"  # Karolin
            "Katariina"  # Katariina
            "Kati"  # Kati
            "Katre"  # Katre
            "Katri"  # Katri
            "Katriin"  # Katriin
            "Katrin"  # Katrin
            "Keiu"  # Keiu
            "Kelli"  # Kelli
            "Kerli"  # Kerli
            "Kersti"  # Kersti
            "Kerstin"  # Kerstin
            "Kertu"  # Kertu
            "Kirke"  # Kirke
            "Koidu"  # Koidu
            "Krista"  # Krista
            "Kristel"  # Kristel
            "Kristen"  # Kristen
            "Kristi"  # Kristi
            "Kristiina"  # Kristiina
            "Kristin"  # Kristin
            "Kristina"  # Kristina
            "Kärt"  # Kärt
            "Kätlin"  # Kätlin
            "Külli"  # Külli
            "Küllike"  # Küllike
            "Lagle"  # Lagle
            "Laine"  # Laine
            "Laura"  # Laura
            "Lea"  # Lea
            "Leelo"  # Leelo
            "Lehte"  # Lehte
            "Leida"  # Leida
            "Leili"  # Leili
            "Lembi"  # Lembi
            "Lemme"  # Lemme
            "Lii"  # Lii
            "Liia"  # Liia
            "Liidia"  # Liidia
            "Liilia"  # Liilia
            "Liina"  # Liina
            "Liis"  # Liis
            "Liisa"  # Liisa
            "Liisbet"  # Liisbet
            "Liisi"  # Liisi
            "Liivi"  # Liivi
            "Lilian"  # Lilian
            "Lilli"  # Lilli
            "Linda"  # Linda
            "Luule"  # Luule
            "Lüüdia"  # Lüüdia
            "Maarika"  # Maarika
            "Maarja"  # Maarja
            "Made"  # Made
            "Madli"  # Madli
            "Mai"  # Mai
            "Maia"  # Maia
            "Maie"  # Maie
            "Maila"  # Maila
            "Maimu"  # Maimu
            "Maire"  # Maire
            "Malle"  # Malle
            "Mare"  # Mare
            "Maret"  # Maret
            "Margareeta"  # Margareeta
            "Margaret"  # Margaret
            "Marge"  # Marge
            "Margit"  # Margit
            "Margot"  # Margot
            "Mari"  # Mari
            "Mari-Liis"  # Mari-Liis
            "Maria"  # Maria
            "Marika"  # Marika
            "Mariliis"  # Mariliis
            "Marina"  # Marina
            "Maris"  # Maris
            "Marit"  # Marit
            "Marje"  # Marje
            "Marju"  # Marju
            "Marleen"  # Marleen
            "Marta"  # Marta
            "Marve"  # Marve
            "Meeli"  # Meeli
            "Meelika"  # Meelika
            "Meelike"  # Meelike
            "Merike"  # Merike
            "Merili"  # Merili
            "Merilin"  # Merilin
            "Merit"  # Merit
            "Merje"  # Merje
            "Merle"  # Merle
            "Miia"  # Miia
            "Miina"  # Miina
            "Minna"  # Minna
            "Mirjam"  # Mirjam
            "Monika"  # Monika
            "Moonika"  # Moonika
            "Nele"  # Nele
            "Olli"  # Olli
            "Paula"  # Paula
            "Piia"  # Piia
            "Pille"  # Pille
            "Pilvi"  # Pilvi
            "Piret"  # Piret
            "Raahel"  # Raahel
            "Rahel"  # Rahel
            "Raili"  # Raili
            "Rebeka"  # Rebeka
            "Reeli"  # Reeli
            "Reelika"  # Reelika
            "Reet"  # Reet
            "Regina"  # Regina
            "Reili"  # Reili
            "Renate"  # Renate
            "Riin"  # Riin
            "Riina"  # Riina
            "Riinu"  # Riinu
            "Rita"  # Rita
            "Ruth"  # Ruth
            "Rutt"  # Rutt
            "Ruut"  # Ruut
            "Saara"  # Saara
            "赛马"  # Saima
            "Salme"  # Salme
            "Sandra"  # Sandra
            "Sigrid"  # Sigrid
            "Siiri"  # Siiri
            "Silja"  # Silja
            "Silvi"  # Silvi
            "Silvia"  # Silvia
            "Siret"  # Siret
            "Sirje"  # Sirje
            "Sirli"  # Sirli
            "Susanna"  # Susanna
            "Taimi"  # Taimi
            "Talvi"  # Talvi
            "Tea"  # Tea
            "Teele"  # Teele
            "Terje"  # Terje
            "Tiia"  # Tiia
            "Tiina"  # Tiina
            "Tiiu"  # Tiiu
            "Triin"  # Triin
            "Triinu"  # Triinu
            "Tuule"  # Tuule
            "Tuuli"  # Tuuli
            "Ursula"  # Ursula
            "Urve"  # Urve
            "Vaike"  # Vaike
            "Valli"  # Valli
            "Veronika"  # Veronika
            "Viia"  # Viia
            "Viiu"  # Viiu
            "Viive"  # Viive
            "Viivi"  # Viivi
            "Vilja"  # Vilja
            "Virge"  # Virge
            "Virve"  # Virve
            "Õie"  # Õie
            "Õnne"  # Õnne
            "Õnnela"  # Õnnela
            "Ülle"  # Ülle
        }
    }
    lithuanian = {
        primary = LIT
        male_names = {
            "Zygimantas"  # Zygimantas
            "Kazimieras"  # Kazimieras
            "Aleksandras"  # Aleksandras
            "Jonas"  # Jonas
            "Albertas"  # Albertas
            "Zygimantas"  # Zygimantas
            "Augustas"  # Augustas
            "Vytautas"  # Vytautas
            "Jogaila"  # Jogaila
            "Vladislovas"  # Vladislovas
            "Algirdas"  # Algirdas
            "Stanislovas"  # Stanislovas
            "Svitrigaila"  # Svitrigaila
            "Mindaugas"  # Mindaugas
            "Albertas"  # Albertas
            "Andrius"  # Andrius
            "Antanas"  # Antanas
            "Aras"  # Aras
            "Arturas"  # Arturas
            "Azuolas"  # Azuolas
            "Gediminas"  # Gediminas
            "Giedrius"  # Giedrius
            "Gintaras"  # Gintaras
            "Henrikas"  # Henrikas
            "Jonas"  # Jonas
            "Jonusas"  # Jonusas
            "Juozapas"  # Juozapas
            "Jurgis"  # Jurgis
            "Kaributas"  # Kaributas
            "Karolis"  # Karolis
            "Kristupas"  # Kristupas
            "Liudvikas"  # Liudvikas
            "Marijus"  # Marijus
            "Mykolas"  # Mykolas
            "Paulius"  # Paulius
            "Petras"  # Petras
            "Pranciskus"  # Pranciskus
            "Raimondas"  # Raimondas
            "Ramunas"  # Ramunas
            "Steponas"  # Steponas
            "Skirgaila"  # Skirgaila
            "Tomas"  # Tomas
            "Vincentas"  # Vincentas
            "Vilhelmas"  # Vilhelmas
            "Vytenis"  # Vytenis
            "Kestutis"  # Kestutis
            "Viktoras"  # Viktoras
            "Leonas"  # Leonas
            "Linas"  # Linas
            "Bronislovas"  # Bronislovas
            "Darius"  # Darius
        }
        female_names = {
            "Agné"  # Agné
            "Morta"  # Morta
            "Viltauté"  # Viltauté
            "Agné"  # Agné
            "Aldona"  # Aldona
            "Amalija"  # Amalija
            "Audra"  # Audra
            "Aurelija"  # Aurelija
            "Aušra"  # Aušra
            "Austeja"  # Austeja
            "Barbora"  # Barbora
            "Daina"  # Daina
            "Daiva"  # Daiva
            "Dalia"  # Dalia
            "Danute"  # Danute
            "Diana"  # Diana
            "Doroteja"  # Doroteja
            "Edita"  # Edita
            "Egle"  # Egle
            "Elena"  # Elena
            "Elžbieta"  # Elžbieta
            "Elze"  # Elze
            "Emilija"  # Emilija
            "Ernesta"  # Ernesta
            "Estera"  # Estera
            "Gabija"  # Gabija
            "Gabriele"  # Gabriele
            "Giedre"  # Giedre
            "Gintare"  # Gintare
            "Ieva"  # Ieva
            "Ilona"  # Ilona
            "Inga"  # Inga
            "Irena"  # Irena
            "Jadvyga"  # Jadvyga
            "Janina"  # Janina
            "Jelena"  # Jelena
            "Yelena"  # Yelena
            "Jolanta"  # Jolanta
            "Julija"  # Julija
            "Justina"  # Justina
            "Kamile"  # Kamile
            "Karolina"  # Karolina
            "Katre"  # Katre
            "Kotryna"  # Kotryna
            "Kristina"  # Kristina
            "Laima"  # Laima
            "Leja"  # Leja
            "Lilija"  # Lilija
            "Lina"  # Lina
            "Liucija"  # Liucija
            "Liudvika"  # Liudvika
            "Margarita"  # Margarita
            "Marija"  # Marija
            "Marijona"  # Marijona
            "Melanija"  # Melanija
            "Migle"  # Migle
            "Milda"  # Milda
            "Monika"  # Monika
            "Morta"  # Morta
            "Ona"  # Ona
            "Rasa"  # Rasa
            "Regina"  # Regina
            "Rozalija"  # Rozalija
            "Rože"  # Rože
            "Ruta"  # Ruta
            "Sandra"  # Sandra
            "Saule"  # Saule
            "Smilte"  # Smilte
            "Sofija"  # Sofija
            "Solveiga"  # Solveiga
            "Svajone"  # Svajone
            "Tatjana"  # Tatjana
            "Ugne"  # Ugne
            "Urte"  # Urte
            "Valerija"  # Valerija
            "Veronika"  # Veronika
            "Viktorija"  # Viktorija
            "Vilhelmina"  # Vilhelmina
            "Viltaute"  # Viltaute
            "Vilte"  # Vilte
            "Vita"  # Vita
            "Vitalija"  # Vitalija
        }
        dynasty_names = {
            "Ugandi"  # Ugandi
            "Gediminai"  # Gediminai
            "Radziwill"  # Radziwill
            "Gostautas"  # Gostautas
            "Astikas"  # Astikas
            "Kesgaila"  # Kesgaila
            "Chodkiewicz"  # Chodkiewicz
            "Olshanski"  # Olshanski
            "Chartoryski"  # Chartoryski
            "Giedraiciai"  # Giedraiciai
            "Pac"  # Pac
            "Plater"  # Plater
            "Tyzenhaus"  # Tyzenhaus
            "Sapieha"  # Sapieha
            "Ostrogski"  # Ostrogski
            "Oginski"  # Oginski
            "Giedraitis"  # Giedraitis
            "Mantigirdaitis"  # Mantigirdaitis
            "Chodkevicius"  # Chodkevicius
            "Sudimantaitis"  # Sudimantaitis
            "Korybut"  # Korybut
            "Jogailaitis"  # Jogailaitis
            "Gediminaitis"  # Gediminaitis
        }
    }
    latvian = {
        primary = LVA
        male_names = {
            "Aishno"  # Aishno
            "Ako"  # Ako
            "Ankad"  # Ankad
            "Baise"  # Baise
            "Balodis"  # Balodis
            "Bikshe"  # Bikshe
            "Borut"  # Borut
            "Bulei"  # Bulei
            "Butovit"  # Butovit
            "Cirulis"  # Cirulis
            "Dangeruthe"  # Dangeruthe
            "Darbeslave"  # Darbeslave
            "Davins"  # Davins
            "Demas"  # Demas
            "Dobre"  # Dobre
            "Dovyat"  # Dovyat
            "Dzintis"  # Dzintis
            "Dausprungas"  # Dausprungas
            "Imanta"  # Imanta
            "Elmede"  # Elmede
            "Erasts"  # Erasts
            "Erdzivil"  # Erdzivil
            "Galeine"  # Galeine
            "Gastile"  # Gastile
            "Gedere"  # Gedere
            "Gerden"  # Gerden
            "Gibedats"  # Gibedats
            "Giemund"  # Giemund
            "Golovke"  # Golovke
            "Gotene"  # Gotene
            "Gunvald"  # Gunvald
            "Janis"  # Janis
            "约翰"  # John
            "Jaunule"  # Jaunule
            "Jedetus"  # Jedetus
            "Juvage"  # Juvage
            "Kage"  # Kage
            "Likiik"  # Likiik
            "Kaire"  # Kaire
            "Karijotas"  # Karijotas
            "Karnak"  # Karnak
            "Kaupo"  # Kaupo
            "Kerstigens"  # Kerstigens
            "Kiten"  # Kiten
            "Klavess"  # Klavess
            "Kodere"  # Kodere
            "Kuliens"  # Kuliens
            "Kurlemuse"  # Kurlemuse
            "Lammekinus"  # Lammekinus
            "Litto"  # Litto
            "Lonkogveni"  # Lonkogveni
            "Manvydas"  # Manvydas
            "Meinekinus"  # Meinekinus
            "Shutr"  # Shutr
            "Mendune"  # Mendune
            "Nameisis"  # Nameisis
            "Narvait"  # Narvait
            "Pliksov"  # Pliksov
            "Pukiik"  # Pukiik
            "Pukuveras"  # Pukuveras
            "Ringaudas"  # Ringaudas
            "Rushky"  # Rushky
            "Rusins"  # Rusins
            "Sabe"  # Sabe
            "Sargun"  # Sargun
            "Scurdo"  # Scurdo
            "Shvarnas"  # Shvarnas
            "Skornand"  # Skornand
            "Sprudeik"  # Sprudeik
            "Stegut"  # Stegut
            "Viesturs"  # Viesturs
            "Steikint"  # Steikint
            "Sviendorog"  # Sviendorog
            "Talivaldis"  # Talivaldis
            "Tautvila"  # Tautvila
            "Traidenis"  # Traidenis
            "Treniota"  # Treniota
            "Vaishvilkas"  # Vaishvilkas
            "Valikaila"  # Valikaila
            "Vetseke"  # Vetseke
            "Visheiv"  # Visheiv
            "Vishikut"  # Vishikut
            "Vishly"  # Vishly
            "Vykantas"  # Vykantas
            "Yudki"  # Yudki
        }
        female_names = {
            "Agita"  # Agita
            "Ausala"  # Ausala
            "Balba"  # Balba
            "Bitens"  # Bitens
            "Brita"  # Brita
            "Daira"  # Daira
            "Darate"  # Darate
            "Dardedze"  # Dardedze
            "Dose"  # Dose
            "Dzeguze"  # Dzeguze
            "Galene"  # Galene
            "Greze"  # Greze
            "Gunda"  # Gunda
            "Gundega"  # Gundega
            "Imela"  # Imela
            "Kordula"  # Kordula
            "Liga"  # Liga
            "Maija"  # Maija
            "Marite"  # Marite
            "Naula"  # Naula
            "Rasa"  # Rasa
            "Ruta"  # Ruta
            "Savna"  # Savna
            "Viba"  # Viba
            "Zigne"  # Zigne
            "Ieva"  # Ieva
        }
    }
    male_names = {
        "Algirdas"  # Algirdas
        "Antanas"  # Antanas
        "Antavas"  # Antavas
        "Aras"  # Aras
        "Arunas"  # Arunas
        "Azuolas"  # Azuolas
        "Budrys"  # Budrys
        "Bukantas"  # Bukantas
        "Butavas"  # Butavas
        "Butigeidis"  # Butigeidis
        "Butvydas"  # Butvydas
        "Daugvilas"  # Daugvilas
        "Daumantas"  # Daumantas
        "Dausprungas"  # Dausprungas
        "Dravenis"  # Dravenis
        "Erdenis"  # Erdenis
        "Erdvilas"  # Erdvilas
        "Gedigaudas"  # Gedigaudas
        "Gediminas"  # Gediminas
        "Gedivilas"  # Gedivilas
        "Gintaras"  # Gintaras
        "Gintautas"  # Gintautas
        "Girdenis"  # Girdenis
        "Irmantas"  # Irmantas
        "Jaunutis"  # Jaunutis
        "Jogaila"  # Jogaila
        "Jovirdas"  # Jovirdas
        "Kantibutas"  # Kantibutas
        "Karijotas"  # Karijotas
        "Kesgaila"  # Kesgaila
        "Kestutis"  # Kestutis
        "Korigaila"  # Korigaila
        "Korybutas"  # Korybutas
        "Lasukas"  # Lasukas
        "Lingvenis"  # Lingvenis
        "Liudas"  # Liudas
        "Lubartas"  # Lubartas
        "Lutuveras"  # Lutuveras
        "Merkelis"  # Merkelis
        "Mindaugas"  # Mindaugas
        "Minigaila"  # Minigaila
        "Mantvydas"  # Mantvydas
        "Movkoldas"  # Movkoldas
        "Narimantas"  # Narimantas
        "Povilas"  # Povilas
        "Pukuveras"  # Pukuveras
        "Rimantas"  # Rimantas
        "Rimgaila"  # Rimgaila
        "Rimvydas"  # Rimvydas
        "Ringaudas"  # Ringaudas
        "Sarunas"  # Sarunas
        "Skirgaila"  # Skirgaila
        "Songaila"  # Songaila
        "Svarnas"  # Svarnas
        "Svitrigaila"  # Svitrigaila
        "Tarvydas"  # Tarvydas
        "Tovtivilas"  # Tovtivilas
        "Traidenis"  # Traidenis
        "Treniotas"  # Treniotas
        "Vainius"  # Vainius
        "Vaisvilkas"  # Vaisvilkas
        "Valimantas"  # Valimantas
        "Zygimantas"  # Zygimantas
        "Vidmantas"  # Vidmantas
        "Vingoldas"  # Vingoldas
        "Virmantas"  # Virmantas
        "Visvaldis"  # Visvaldis
        "Vizgirdas"  # Vizgirdas
        "Vykintas"  # Vykintas
        "Vytautas"  # Vytautas
        "Vytenis"  # Vytenis
        "Zivinbudas"  # Zivinbudas
    }
    female_names = {
        "Aldona"  # Aldona
        "Anele"  # Anele
        "Audra"  # Audra
        "Ausra"  # Ausra
        "Birute"  # Birute
        "Dannila"  # Dannila
        "Danute"  # Danute
        "Evalda"  # Evalda
        "Gaudimante"  # Gaudimante
        "Giedre"  # Giedre
        "Gintare"  # Gintare
        "Jevna"  # Jevna
        "Kenna"  # Kenna
        "Mikova"  # Mikova
        "Roze"  # Roze
        "Saule"  # Saule
        "Svajone"  # Svajone
        "Vida"  # Vida
        "Laima"  # Laima
    }
    dynasty_names = {
        "Ugandi"  # Ugandi
        "Gediminai"  # Gediminai
        "Radziwill"  # Radziwill
        "Gostautas"  # Gostautas
        "Astikas"  # Astikas
        "Kesgaila"  # Kesgaila
        "Chodkiewicz"  # Chodkiewicz
        "Olshanski"  # Olshanski
        "Chartoryski"  # Chartoryski
        "Giedraiciai"  # Giedraiciai
        "Pac"  # Pac
        "Plater"  # Plater
        "Tyzenhaus"  # Tyzenhaus
        "Sapieha"  # Sapieha
        "Ostrogski"  # Ostrogski
        "Oginski"  # Oginski
        "von Finckenstein"  # von Finckenstein
        "Wilks"  # Wilks
        "Klakis"  # Klakis
        "Luks"  # Luks
        "Kuilis"  # Kuilis
        "Kalabijjan"  # Kalabijjan
        "von Preussen"  # von Preussen
        "von Königsberg"  # von Königsberg
        "Jankowskie"  # Jankowskie
        "冯 但泽"  # von Danzig
        "von Seidlitz"  # von Seidlitz
        "冯 玛丽安堡"  # von Marienburg
        "Konopacki"  # Konopacki
        "von Memel"  # von Memel
        "von Kurs"  # von Kurs
        "von Rohrbach"  # von Rohrbach
        "Penikis"  # Penikis
        "Tontegode"  # Tontegode
        "Vidins"  # Vidins
        "Draguns"  # Draguns
        "Sirkants"  # Sirkants
        "Karasi"  # Karasi
        "Ingrija"  # Ingrija
        "Saaremaa"  # Saaremaa
        "Revala"  # Revala
        "Virumaa"  # Virumaa
        "Läänemaa"  # Läänemaa
        "Vaiga"  # Vaiga
        "Ingeri"  # Ingeri
        "Ingeri"  # Ingeri
        "Livo"  # Livo
        "Harjumaa"  # Harjumaa
        "Virumaa"  # Virumaa
        "Ridala"  # Ridala
        "Saaremaa"  # Saaremaa
        "Vaiga"  # Vaiga
        "Turaida"  # Turaida
    }
}