malay = {
    graphical_culture = asiangfx
    polynesian = {
        dynasty_names = {
            "Aalona"  # Aalona
            "Ahulani"  # Ahulani
            "Ainalani"  # Ainalani
            "Akeakamai"  # Akeakamai
            "Alani"  # Alani
            "Aluala"  # Aluala
            "Alealani"  # Alealani
            "Alohilani"  # Alohilani
            "Anakalia"  # Anakalia
            "Anuenue"  # Anuenue
            "'Ehukai"  # 'Ehukai
            "'Ewalani"  # 'Ewalani
            "Ha'aheo"  # Ha'aheo
            "Heleakala"  # Heleakala
            "Hanalei"  # Hanalei
            "Hanohano"  # Hanohano
            "Hau'oli"  # Hau'oli
            "Hi'iaka"  # Hi'iaka
            "Ho'okano"  # Ho'okano
            "Hualani"  # Hualani
            "Ikepela"  # Ikepela
            "Ka'aukai"  # Ka'aukai
            "Kahananui"  # Kahananui
            "Kaheleha"  # Kaheleha
            "Kaikea"  # Kaikea
            "Kainalu"  # Kainalu
            "Kalauokalani"  # Kalauokalani
            "Kaleoikaika"  # Kaleoikaika
            "Kamehu"  # Kamehu
            "Kameha'o"  # Kameha'o
            "Kamehameha"  # Kamehameha
            "Kawaiola"  # Kawaiola
            "Kehaulani"  # Kehaulani
            "Kelupaina"  # Kelupaina
            "Keonoana"  # Keonoana
            "Lanakila"  # Lanakila
            "Lehuanani"  # Lehuanani
            "Lokelani"  # Lokelani
            "Lono"  # Lono
            "Makaleka"  # Makaleka
            "Makikonu"  # Makikonu
            "Mauna"  # Mauna
            "Momilani"  # Momilani
            "Nohealani"  # Nohealani
            "Polola"  # Polola
            "Po'okela"  # Po'okela
            "Sanoe"  # Sanoe
            "Ualani"  # Ualani
            "Uluwehi"  # Uluwehi
            "Wailani"  # Wailani
            "Waipuna"  # Waipuna
        }
        female_names = {
            "Alamea"  # Alamea
            "Alaula"  # Alaula
            "Alika"  # Alika
            "Elikapeka"  # Elikapeka
            "Halia"  # Halia
            "Iokina"  # Iokina
            "Iolana"  # Iolana
            "Kailani"  # Kailani
            "Kalea"  # Kalea
            "Kamaile"  # Kamaile
            "Kamea"  # Kamea
            "Kanoa"  # Kanoa
            "Kawena"  # Kawena
            "Keala"  # Keala
            "Keola"  # Keola
            "Keona"  # Keona
            "Kiele"  # Kiele
            "Kina"  # Kina
            "Kinipela"  # Kinipela
            "Konane"  # Konane
            "Lahela"  # Lahela
            "Lanai"  # Lanai
            "Lani"  # Lani
            "Leiko"  # Leiko
            "Leilani"  # Leilani
            "Liliha"  # Liliha
            "Lilo"  # Lilo
            "Luana"  # Luana
            "Mahina"  # Mahina
            "Maile"  # Maile
            "Makana"  # Makana
            "Makelina"  # Makelina
            "Malana"  # Malana
            "Maleah"  # Maleah
            "Malia"  # Malia
            "Mana"  # Mana
            "Miliani"  # Miliani
            "Moana"  # Moana
            "Moanna"  # Moanna
            "Nalanie"  # Nalanie
            "Napua"  # Napua
            "Noelani"  # Noelani
            "Nohealani"  # Nohealani
            "Okalani"  # Okalani
            "Onaona"  # Onaona
            "Palila"  # Palila
            "Pilialoha"  # Pilialoha
            "Ulani"  # Ulani
        }
        male_names = {
            "Akamu"  # Akamu
            "Aloha"  # Aloha
            "Alohilani"  # Alohilani
            "Analu"  # Analu
            "Aolani"  # Aolani
            "Aulani"  # Aulani
            "Aulii"  # Aulii
            "Feleti"  # Feleti
            "Inoke"  # Inoke
            "Iolani"  # Iolani
            "Ipo"  # Ipo
            "Iwalani"  # Iwalani
            "Kai"  # Kai
            "Kaili"  # Kaili
            "Kaipo"  # Kaipo
            "Kalani"  # Kalani
            "Kale"  # Kale
            "Kalei"  # Kalei
            "Kapena"  # Kapena
            "Kapono"  # Kapono
            "Keahi"  # Keahi
            "Kealii"  # Kealii
            "Keani"  # Keani
            "Keanu"  # Keanu
            "Keiki"  # Keiki
            "Kelii"  # Kelii
            "Keon"  # Keon
            "Keoni"  # Keoni
            "Kimo"  # Kimo
            "Konala"  # Konala
            "Liko"  # Liko
            "Loe"  # Loe
            "Lulani"  # Lulani
            "Makaio"  # Makaio
            "Makani"  # Makani
            "Malo"  # Malo
            "Mauli"  # Mauli
            "Mele"  # Mele
            "Moke"  # Moke
            "Nalani"  # Nalani
            "Oke"  # Oke
            "Palani"  # Palani
            "Pekelo"  # Pekelo
        }
    }
    cham = {
        primary = CHA
        dynasty_names = {
            "Vijaya"  # Vijaya
            "Kauthara"  # Kauthara
            "Panduranga"  # Panduranga
            "Indrapura"  # Indrapura
        }
        male_names = {
            "Ko cheng"  # Ko cheng
            "Jaya Sinhavarman"  # Jaya Sinhavarman
            "Maija Vijaya"  # Maija Vijaya
            "Moho Kouei-Lai"  # Moho Kouei-Lai
            "Maha Kui Yu"  # Maha Kui Yu
            "Maha P'an-lo-yue"  # Maha P'an-lo-yue
            "Po Saktirai"  # Po Saktirai
            "Po Ganvuh"  # Po Ganvuh
            "Po Thuttirai"  # Po Thuttirai
            "Po Rattirai"  # Po Rattirai
            "Po Tathun"  # Po Tathun
            "Po Tithuntirai"  # Po Tithuntirai
            "Chei Krei Brei"  # Chei Krei Brei
            "Po Tithun"  # Po Tithun
            "Po Lathun"  # Po Lathun
            "Po Chong Chan"  # Po Chong Chan
            "Che Anan"  # Che Anan
            "Tra Hoa"  # Tra Hoa
            "Che Bong Nga"  # Che Bong Nga
            "Ko Cheng"  # Ko Cheng
            "Jaya Indravarman"  # Jaya Indravarman
        }
        female_names = {
            "Hòng"  # Hòng
            "Merenui"  # Merenui
            "Metetini"  # Metetini
            "Miri"  # Miri
            "Moea"  # Moea
            "Moeata"  # Moeata
            "Moerani"  # Moerani
            "Mohea"  # Mohea
            "Nanihi"  # Nanihi
            "Nu’utea"  # Nu’utea
            "Orama"  # Orama
            "Poe"  # Poe
            "Pear"  # Pear
            "Poehina"  # Poehina
            "Poenui"  # Poenui
            "Poerava"  # Poerava
            "Puaiti"  # Puaiti
            "Puatea"  # Puatea
            "Puaura"  # Puaura
            "Ra’ihau"  # Ra’ihau
            "Ra’imere"  # Ra’imere
            "Ra’inui"  # Ra’inui
            "Ranitea"  # Ranitea
            "Rarahu"  # Rarahu
            "Raunui"  # Raunui
            "Raurii"  # Raurii
            "Tahiata"  # Tahiata
            "Taiana"  # Taiana
            "Taina"  # Taina
            "Tania"  # Tania
            "Taurua"  # Taurua
            "Tautiare"  # Tautiare
            "Tehani"  # Tehani
            "Tehea"  # Tehea
            "Teora"  # Teora
            "Tera"  # Tera
            "Tevai"  # Tevai
            "Titaina"  # Titaina
            "Titaua"  # Titaua
            "Tuianu"  # Tuianu
            "Tumata"  # Tumata
            "Unutea"  # Unutea
            "Urarii"  # Urarii
            "Vaea"  # Vaea
            "Vaiana"  # Vaiana
            "Vaianu"  # Vaianu
            "Vaiata"  # Vaiata
            "Vaihere"  # Vaihere
            "Vaimiti"  # Vaimiti
            "Vairea"  # Vairea
            "Vaite"  # Vaite
            "Vaitiare"  # Vaitiare
        }
    }
    malayan = {
        primary = MLC
        dynasty_names = {
            "Melaka"  # Melaka
            "Johor"  # Johor
            "Perak"  # Perak
            "Kedah"  # Kedah
            "Pattani"  # Pattani
            "Pahang"  # Pahang
            "Kelantan"  # Kelantan
            "Selangor"  # Selangor
            "Terengganu"  # Terengganu
        }
        male_names = {
            "Sam Agi"  # Sam Agi
            "Paramesvara"  # Paramesvara
            "Megat Iskander"  # Megat Iskander
            "Muhammad Shâh"  # Muhammad Shâh
            "Abu Syahid"  # Abu Syahid
            "Muzaffar Shâh"  # Muzaffar Shâh
            "Mansûr Shâh"  # Mansûr Shâh
            "Riayat Shah"  # Riayat Shah
            "Mahmûd Shâh"  # Mahmûd Shâh
            "'Abd al-Jalîl Shâh"  # 'Abd al-Jalîl Shâh
            "Ma'ayat Shâh"  # Ma'ayat Shâh
            "Ibrâhîm Shâh"  # Ibrâhîm Shâh
            "Rahmat Shâh"  # Rahmat Shâh
            "Sulaymân Badr Shâh"  # Sulaymân Badr Shâh
            "Mu'azzam Shâh"  # Mu'azzam Shâh
            "Mahmûd Ri'âyat Shâh"  # Mahmûd Ri'âyat Shâh
            "'Abd ar-Rahmân Shâh"  # 'Abd ar-Rahmân Shâh
            "Rajah Qasim"  # Rajah Qasim
        }
        female_names = {
            "Azura"  # Azura
            "Merenui"  # Merenui
            "Metetini"  # Metetini
            "Miri"  # Miri
            "Moea"  # Moea
            "Moeata"  # Moeata
            "Moerani"  # Moerani
            "Mohea"  # Mohea
            "Nanihi"  # Nanihi
            "Nu’utea"  # Nu’utea
            "Orama"  # Orama
            "Poe"  # Poe
            "Pear"  # Pear
            "Poehina"  # Poehina
            "Poenui"  # Poenui
            "Poerava"  # Poerava
            "Puaiti"  # Puaiti
            "Puatea"  # Puatea
            "Puaura"  # Puaura
            "Ra’ihau"  # Ra’ihau
            "Ra’imere"  # Ra’imere
            "Ra’inui"  # Ra’inui
            "Ranitea"  # Ranitea
            "Rarahu"  # Rarahu
            "Raunui"  # Raunui
            "Raurii"  # Raurii
            "Tahiata"  # Tahiata
            "Taiana"  # Taiana
            "Taina"  # Taina
            "Tania"  # Tania
            "Taurua"  # Taurua
            "Tautiare"  # Tautiare
            "Tehani"  # Tehani
            "Tehea"  # Tehea
            "Teora"  # Teora
            "Tera"  # Tera
            "Tevai"  # Tevai
            "Titaina"  # Titaina
            "Titaua"  # Titaua
            "Tuianu"  # Tuianu
            "Tumata"  # Tumata
            "Unutea"  # Unutea
            "Urarii"  # Urarii
            "Vaea"  # Vaea
            "Vaiana"  # Vaiana
            "Vaianu"  # Vaianu
            "Vaiata"  # Vaiata
            "Vaihere"  # Vaihere
            "Vaimiti"  # Vaimiti
            "Vairea"  # Vairea
            "Vaite"  # Vaite
            "Vaitiare"  # Vaitiare
        }
    }
    sumatran = {
        primary = ATJ
        dynasty_names = {
            "Siak"  # Siak
            "Aceh"  # Aceh
            "Pasai"  # Pasai
            "Pagarruyung"  # Pagarruyung
            "Palembang"  # Palembang
            "Jambi"  # Jambi
        }
        male_names = {
            "Inayat"  # Inayat
            "'Alî Mugâyat"  # 'Alî Mugâyat
            "Iskandar Tanî"  # Iskandar Tanî
            "Husayn 'Alî Ri'âyat"  # Husayn 'Alî Ri'âyat
            "Menradza"  # Menradza
            "Tsalenggathu"  # Tsalenggathu
            "Gadzabadi"  # Gadzabadi
            "Tsau-Lha"  # Tsau-Lha
            "Mengtsekya"  # Mengtsekya
        }
        female_names = {
            "Amritpal"  # Amritpal
            "Merenui"  # Merenui
            "Metetini"  # Metetini
            "Miri"  # Miri
            "Moea"  # Moea
            "Moeata"  # Moeata
            "Moerani"  # Moerani
            "Mohea"  # Mohea
            "Nanihi"  # Nanihi
            "Nu’utea"  # Nu’utea
            "Orama"  # Orama
            "Poe"  # Poe
            "Pear"  # Pear
            "Poehina"  # Poehina
            "Poenui"  # Poenui
            "Poerava"  # Poerava
            "Puaiti"  # Puaiti
            "Puatea"  # Puatea
            "Puaura"  # Puaura
            "Ra’ihau"  # Ra’ihau
            "Ra’imere"  # Ra’imere
            "Ra’inui"  # Ra’inui
            "Ranitea"  # Ranitea
            "Rarahu"  # Rarahu
            "Raunui"  # Raunui
            "Raurii"  # Raurii
            "Tahiata"  # Tahiata
            "Taiana"  # Taiana
            "Taina"  # Taina
            "Tania"  # Tania
            "Taurua"  # Taurua
            "Tautiare"  # Tautiare
            "Tehani"  # Tehani
            "Tehea"  # Tehea
            "Teora"  # Teora
            "Tera"  # Tera
            "Tevai"  # Tevai
            "Titaina"  # Titaina
            "Titaua"  # Titaua
            "Tuianu"  # Tuianu
            "Tumata"  # Tumata
            "Unutea"  # Unutea
            "Urarii"  # Urarii
            "Vaea"  # Vaea
            "Vaiana"  # Vaiana
            "Vaianu"  # Vaianu
            "Vaiata"  # Vaiata
            "Vaihere"  # Vaihere
            "Vaimiti"  # Vaimiti
            "Vairea"  # Vairea
            "Vaite"  # Vaite
            "Vaitiare"  # Vaitiare
        }
    }
    javanese = {
        primary = MAJ
        dynasty_names = {
            "Banten"  # Banten
            "Demak"  # Demak
            "Surabaya"  # Surabaya
            "Cirebon"  # Cirebon
            "Samprangan"  # Samprangan
        }
        male_names = {
            "Girindrawardhana"  # Girindrawardhana
            "Girishawardhana"  # Girishawardhana
            "Kertabumi"  # Kertabumi
            "Kertawijaya"  # Kertawijaya
            "Rajasawardhana"  # Rajasawardhana
            "Suraprabhawa"  # Suraprabhawa
            "Wikramawardhana"  # Wikramawardhana
            "Hayam Wuruk"  # Hayam Wuruk
            "Kalagamet"  # Kalagamet
            "Raden Wijaya"  # Raden Wijaya
            "Kertawardhana"  # Kertawardhana
            "Raden Sotor"  # Raden Sotor
            "Raden Sumirat"  # Raden Sumirat
            "Singhawardhana"  # Singhawardhana
        }
        female_names = {
            "Suhita"  # Suhita
            "Sri Gitarja"  # Sri Gitarja
            "Merenui"  # Merenui
            "Metetini"  # Metetini
            "Miri"  # Miri
            "Moea"  # Moea
            "Moeata"  # Moeata
            "Moerani"  # Moerani
            "Mohea"  # Mohea
            "Nanihi"  # Nanihi
            "Nu’utea"  # Nu’utea
            "Orama"  # Orama
            "Poe"  # Poe
            "Pear"  # Pear
            "Poehina"  # Poehina
            "Poenui"  # Poenui
            "Poerava"  # Poerava
            "Puaiti"  # Puaiti
            "Puatea"  # Puatea
            "Puaura"  # Puaura
            "Ra’ihau"  # Ra’ihau
            "Ra’imere"  # Ra’imere
            "Ra’inui"  # Ra’inui
            "Ranitea"  # Ranitea
            "Rarahu"  # Rarahu
            "Raunui"  # Raunui
            "Raurii"  # Raurii
            "Tahiata"  # Tahiata
            "Taiana"  # Taiana
            "Taina"  # Taina
            "Tania"  # Tania
            "Taurua"  # Taurua
            "Tautiare"  # Tautiare
            "Tehani"  # Tehani
            "Tehea"  # Tehea
            "Teora"  # Teora
            "Tera"  # Tera
            "Tevai"  # Tevai
            "Titaina"  # Titaina
            "Titaua"  # Titaua
            "Tuianu"  # Tuianu
            "Tumata"  # Tumata
            "Unutea"  # Unutea
            "Urarii"  # Urarii
            "Vaea"  # Vaea
            "Vaiana"  # Vaiana
            "Vaianu"  # Vaianu
            "Vaiata"  # Vaiata
            "Vaihere"  # Vaihere
            "Vaimiti"  # Vaimiti
            "Vairea"  # Vairea
            "Vaite"  # Vaite
            "Vaitiare"  # Vaitiare
        }
    }
    filipino = {
        primary = SUL
        dynasty_names = {
            "Sulu"  # Sulu
            "Maguindanao"  # Maguindanao
            "Tondo"  # Tondo
            "Lanao"  # Lanao
            "Butuan"  # Butuan
            "Palawan"  # Palawan
            "Panay"  # Panay
        }
        male_names = {
            "Sharif ul Hashim"  # Sharif ul Hashim
            "Kamal ud Din"  # Kamal ud Din
            "Sharif Sayyid Ala ud Din"  # Sharif Sayyid Ala ud Din
            "Amirul Umara"  # Amirul Umara
            "Muizz ul Mutawadiin"  # Muizz ul Mutawadiin
            "Batarah Shah Tengah"  # Batarah Shah Tengah
            "Muwallit Wasit"  # Muwallit Wasit
            "Muhammad Alimuddin"  # Muhammad Alimuddin
            "Muhammad al Halim"  # Muhammad al Halim
            "Muizz ul Din"  # Muizz ul Din
            "Nasir ud Din"  # Nasir ud Din
            "Azimuddin"  # Azimuddin
            "Salah ud Din Bakhtiyar"  # Salah ud Din Bakhtiyar
            "Shihab ud Din"  # Shihab ud Din
            "Mustafa Shafi"  # Mustafa Shafi
            "Muhammad Badaruddin"  # Muhammad Badaruddin
            "Muizz ud Din Bantilan"  # Muizz ud Din Bantilan
            "Muhammad Israil"  # Muhammad Israil
            "Muhammad Sharafuddin"  # Muhammad Sharafuddin
            "Aliyuddin"  # Aliyuddin
            "Shakirullah"  # Shakirullah
        }
        female_names = {
            "Anela"  # Anela
            "Merenui"  # Merenui
            "Metetini"  # Metetini
            "Miri"  # Miri
            "Moea"  # Moea
            "Moeata"  # Moeata
            "Moerani"  # Moerani
            "Mohea"  # Mohea
            "Nanihi"  # Nanihi
            "Nu’utea"  # Nu’utea
            "Orama"  # Orama
            "Poe"  # Poe
            "Pear"  # Pear
            "Poehina"  # Poehina
            "Poenui"  # Poenui
            "Poerava"  # Poerava
            "Puaiti"  # Puaiti
            "Puatea"  # Puatea
            "Puaura"  # Puaura
            "Ra’ihau"  # Ra’ihau
            "Ra’imere"  # Ra’imere
            "Ra’inui"  # Ra’inui
            "Ranitea"  # Ranitea
            "Rarahu"  # Rarahu
            "Raunui"  # Raunui
            "Raurii"  # Raurii
            "Tahiata"  # Tahiata
            "Taiana"  # Taiana
            "Taina"  # Taina
            "Tania"  # Tania
            "Taurua"  # Taurua
            "Tautiare"  # Tautiare
            "Tehani"  # Tehani
            "Tehea"  # Tehea
            "Teora"  # Teora
            "Tera"  # Tera
            "Tevai"  # Tevai
            "Titaina"  # Titaina
            "Titaua"  # Titaua
            "Tuianu"  # Tuianu
            "Tumata"  # Tumata
            "Unutea"  # Unutea
            "Urarii"  # Urarii
            "Vaea"  # Vaea
            "Vaiana"  # Vaiana
            "Vaianu"  # Vaianu
            "Vaiata"  # Vaiata
            "Vaihere"  # Vaihere
            "Vaimiti"  # Vaimiti
            "Vairea"  # Vairea
            "Vaite"  # Vaite
            "Vaitiare"  # Vaitiare
        }
    }
    bornean = {
        primary = BEI
        dynasty_names = {
            "Burnei"  # Burnei
            "Kutai"  # Kutai
            "Sibu"  # Sibu
            "Kuching"  # Kuching
        }
        male_names = {
            "Muhammad"  # Muhammad
            "Ahmad"  # Ahmad
            "Sulaymân"  # Sulaymân
            "Bulkiah"  # Bulkiah
            "'Abd al-Qahhar"  # 'Abd al-Qahhar
            "Sayf ar-Rijal"  # Sayf ar-Rijal
            "Hasan"  # Hasan
            "'Abd al-Jalîl"  # 'Abd al-Jalîl
            "Muhammad 'Alî"  # Muhammad 'Alî
            "'Abd al-Mubin"  # 'Abd al-Mubin
            "Muhyî ad-Dîn"  # Muhyî ad-Dîn
            "Nasr ad-Dîn"  # Nasr ad-Dîn
            "Kamâl ad-Dîn"  # Kamâl ad-Dîn
            "Alâ' ad-Dîn"  # Alâ' ad-Dîn
            "Sayf ad-Dîn"  # Sayf ad-Dîn
            "Muhammad Jamâl ad-Dîn"  # Muhammad Jamâl ad-Dîn
            "Muhammad Tâj ad-Dîn"  # Muhammad Tâj ad-Dîn
        }
        female_names = {
            "Rim"  # Rim
            "Merenui"  # Merenui
            "Metetini"  # Metetini
            "Miri"  # Miri
            "Moea"  # Moea
            "Moeata"  # Moeata
            "Moerani"  # Moerani
            "Mohea"  # Mohea
            "Nanihi"  # Nanihi
            "Nu’utea"  # Nu’utea
            "Orama"  # Orama
            "Poe"  # Poe
            "Pear"  # Pear
            "Poehina"  # Poehina
            "Poenui"  # Poenui
            "Poerava"  # Poerava
            "Puaiti"  # Puaiti
            "Puatea"  # Puatea
            "Puaura"  # Puaura
            "Ra’ihau"  # Ra’ihau
            "Ra’imere"  # Ra’imere
            "Ra’inui"  # Ra’inui
            "Ranitea"  # Ranitea
            "Rarahu"  # Rarahu
            "Raunui"  # Raunui
            "Raurii"  # Raurii
            "Tahiata"  # Tahiata
            "Taiana"  # Taiana
            "Taina"  # Taina
            "Tania"  # Tania
            "Taurua"  # Taurua
            "Tautiare"  # Tautiare
            "Tehani"  # Tehani
            "Tehea"  # Tehea
            "Teora"  # Teora
            "Tera"  # Tera
            "Tevai"  # Tevai
            "Titaina"  # Titaina
            "Titaua"  # Titaua
            "Tuianu"  # Tuianu
            "Tumata"  # Tumata
            "Unutea"  # Unutea
            "Urarii"  # Urarii
            "Vaea"  # Vaea
            "Vaiana"  # Vaiana
            "Vaianu"  # Vaianu
            "Vaiata"  # Vaiata
            "Vaihere"  # Vaihere
            "Vaimiti"  # Vaimiti
            "Vairea"  # Vairea
            "Vaite"  # Vaite
            "Vaitiare"  # Vaitiare
        }
    }
    madagascan = {
        dynasty_names = {
            "Palopo"  # Palopo
            "Makassar"  # Makassar
            "Manado"  # Manado
            "Poso"  # Poso
            "Palu"  # Palu
        }
        male_names = {
            "Tunitangkalopi"  # Tunitangkalopi
            "Batara Gowa"  # Batara Gowa
            "Tuni Djallori"  # Tuni Djallori
            "Tuni Parisi"  # Tuni Parisi
            "Tuni Palonga"  # Tuni Palonga
            "Tuni Butta"  # Tuni Butta
            "Tunyachoka-ri"  # Tunyachoka-ri
            "Karaeng Tunibatta"  # Karaeng Tunibatta
            "Tuni Djallo"  # Tuni Djallo
            "Parabung"  # Parabung
            "Tuni Pasulu"  # Tuni Pasulu
            "Allâh ad-Dîn"  # Allâh ad-Dîn
            "Muhammad Malik"  # Muhammad Malik
            "Muhammad Sa'îd"  # Muhammad Sa'îd
            "Amir Hamza"  # Amir Hamza
            "'Abd al-Jalîl"  # 'Abd al-Jalîl
            "Shihâb ad-Dîn Ismâ'îl"  # Shihâb ad-Dîn Ismâ'îl
            "Muhammad Bakr Hasan"  # Muhammad Bakr Hasan
            "Hamaza Tumammalianga"  # Hamaza Tumammalianga
            "Muhammad 'Ali"  # Muhammad 'Ali
            "Fakhr"  # Fakhr
            "Shahab"  # Shahab
            "Siraj ad-Dîn"  # Siraj ad-Dîn
            "'Abd al-Khayr al-Mansûr"  # 'Abd al-Khayr al-Mansûr
            "'Abd al-Qudus"  # 'Abd al-Qudus
            "'Uthmân"  # 'Uthmân
            "Muhammad Imad"  # Muhammad Imad
            "Zain"  # Zain
            "'Imâd ad-Dîn"  # 'Imâd ad-Dîn
            "Zaynal-'Abidîn"  # Zaynal-'Abidîn
            "Sankilang"  # Sankilang
            "'Abd al-Hâdî"  # 'Abd al-Hâdî
            "'Abd al-Khaliq"  # 'Abd al-Khaliq
            "Limbangparang"  # Limbangparang
        }
        female_names = {
            "Cinta"  # Cinta
            "Wangi"  # Wangi
            "Merenui"  # Merenui
            "Metetini"  # Metetini
            "Miri"  # Miri
            "Moea"  # Moea
            "Moeata"  # Moeata
            "Moerani"  # Moerani
            "Mohea"  # Mohea
            "Nanihi"  # Nanihi
            "Nu’utea"  # Nu’utea
            "Orama"  # Orama
            "Poe"  # Poe
            "Pear"  # Pear
            "Poehina"  # Poehina
            "Poenui"  # Poenui
            "Poerava"  # Poerava
            "Puaiti"  # Puaiti
            "Puatea"  # Puatea
            "Puaura"  # Puaura
            "Ra’ihau"  # Ra’ihau
            "Ra’imere"  # Ra’imere
            "Ra’inui"  # Ra’inui
            "Ranitea"  # Ranitea
            "Rarahu"  # Rarahu
            "Raunui"  # Raunui
            "Raurii"  # Raurii
            "Tahiata"  # Tahiata
            "Taiana"  # Taiana
            "Taina"  # Taina
            "Tania"  # Tania
            "Taurua"  # Taurua
            "Tautiare"  # Tautiare
            "Tehani"  # Tehani
            "Tehea"  # Tehea
            "Teora"  # Teora
            "Tera"  # Tera
            "Tevai"  # Tevai
            "Titaina"  # Titaina
            "Titaua"  # Titaua
            "Tuianu"  # Tuianu
            "Tumata"  # Tumata
            "Unutea"  # Unutea
            "Urarii"  # Urarii
            "Vaea"  # Vaea
            "Vaiana"  # Vaiana
            "Vaianu"  # Vaianu
            "Vaiata"  # Vaiata
            "Vaihere"  # Vaihere
            "Vaimiti"  # Vaimiti
            "Vairea"  # Vairea
            "Vaite"  # Vaite
            "Vaitiare"  # Vaitiare
        }
    }
    sulawesi = {
        primary = MKS
        dynasty_names = {
            "Palopo"  # Palopo
            "Makassar"  # Makassar
            "Manado"  # Manado
            "Poso"  # Poso
            "Palu"  # Palu
        }
        male_names = {
            "Tunitangkalopi"  # Tunitangkalopi
            "Batara Gowa"  # Batara Gowa
            "Tuni Djallori"  # Tuni Djallori
            "Tuni Parisi"  # Tuni Parisi
            "Tuni Palonga"  # Tuni Palonga
            "Tuni Butta"  # Tuni Butta
            "Tunyachoka-ri"  # Tunyachoka-ri
            "Karaeng Tunibatta"  # Karaeng Tunibatta
            "Tuni Djallo"  # Tuni Djallo
            "Parabung"  # Parabung
            "Tuni Pasulu"  # Tuni Pasulu
            "Allâh ad-Dîn"  # Allâh ad-Dîn
            "Muhammad Malik"  # Muhammad Malik
            "Muhammad Sa'îd"  # Muhammad Sa'îd
            "Amir Hamza"  # Amir Hamza
            "'Abd al-Jalîl"  # 'Abd al-Jalîl
            "Shihâb ad-Dîn Ismâ'îl"  # Shihâb ad-Dîn Ismâ'îl
            "Muhammad Bakr Hasan"  # Muhammad Bakr Hasan
            "Hamaza Tumammalianga"  # Hamaza Tumammalianga
            "Muhammad 'Ali"  # Muhammad 'Ali
            "Fakhr"  # Fakhr
            "Shahab"  # Shahab
            "Siraj ad-Dîn"  # Siraj ad-Dîn
            "'Abd al-Khayr al-Mansûr"  # 'Abd al-Khayr al-Mansûr
            "'Abd al-Qudus"  # 'Abd al-Qudus
            "'Uthmân"  # 'Uthmân
            "Muhammad Imad"  # Muhammad Imad
            "Zain"  # Zain
            "'Imâd ad-Dîn"  # 'Imâd ad-Dîn
            "Zaynal-'Abidîn"  # Zaynal-'Abidîn
            "Sankilang"  # Sankilang
            "'Abd al-Hâdî"  # 'Abd al-Hâdî
            "'Abd al-Khaliq"  # 'Abd al-Khaliq
            "Limbangparang"  # Limbangparang
        }
        female_names = {
            "Cinta"  # Cinta
            "Wangi"  # Wangi
            "Merenui"  # Merenui
            "Metetini"  # Metetini
            "Miri"  # Miri
            "Moea"  # Moea
            "Moeata"  # Moeata
            "Moerani"  # Moerani
            "Mohea"  # Mohea
            "Nanihi"  # Nanihi
            "Nu’utea"  # Nu’utea
            "Orama"  # Orama
            "Poe"  # Poe
            "Pear"  # Pear
            "Poehina"  # Poehina
            "Poenui"  # Poenui
            "Poerava"  # Poerava
            "Puaiti"  # Puaiti
            "Puatea"  # Puatea
            "Puaura"  # Puaura
            "Ra’ihau"  # Ra’ihau
            "Ra’imere"  # Ra’imere
            "Ra’inui"  # Ra’inui
            "Ranitea"  # Ranitea
            "Rarahu"  # Rarahu
            "Raunui"  # Raunui
            "Raurii"  # Raurii
            "Tahiata"  # Tahiata
            "Taiana"  # Taiana
            "Taina"  # Taina
            "Tania"  # Tania
            "Taurua"  # Taurua
            "Tautiare"  # Tautiare
            "Tehani"  # Tehani
            "Tehea"  # Tehea
            "Teora"  # Teora
            "Tera"  # Tera
            "Tevai"  # Tevai
            "Titaina"  # Titaina
            "Titaua"  # Titaua
            "Tuianu"  # Tuianu
            "Tumata"  # Tumata
            "Unutea"  # Unutea
            "Urarii"  # Urarii
            "Vaea"  # Vaea
            "Vaiana"  # Vaiana
            "Vaianu"  # Vaianu
            "Vaiata"  # Vaiata
            "Vaihere"  # Vaihere
            "Vaimiti"  # Vaimiti
            "Vairea"  # Vairea
            "Vaite"  # Vaite
            "Vaitiare"  # Vaitiare
        }
    }
    dynasty_names = {
        "Rajasanagara"  # Rajasanagara
        "Saktirai"  # Saktirai
        "P'an-Lo"  # P'an-Lo
        "Cheng"  # Cheng
        "Gunungjati"  # Gunungjati
    }
}