pacific = {
    graphical_culture = asiangfx
    papuan = {
        male_names = {
            "Agolave"  # Agolave
            "Akelika-Yaga"  # Akelika-Yaga
            "Amborn"  # Amborn
            "Andagalimp-Wak"  # Andagalimp-Wak
            "Barunoma"  # Barunoma
            "Buassi"  # Buassi
            "Endemongo"  # Endemongo
            "Ewunga-Goiba"  # Ewunga-Goiba
            "Gaima-Yokumul"  # Gaima-Yokumul
            "Gasowe"  # Gasowe
            "Gavey-Akamo"  # Gavey-Akamo
            "Gerigl-Gande"  # Gerigl-Gande
            "Gesupo"  # Gesupo
            "Gopie-Ataiamelaho"  # Gopie-Ataiamelaho
            "Isakoa-Hepu"  # Isakoa-Hepu
            "Isakoa-Hepu"  # Isakoa-Hepu
            "Jokuri-Hari"  # Jokuri-Hari
            "Kaglnogl"  # Kaglnogl
            "Kainaro-Kravia"  # Kainaro-Kravia
            "Kaura"  # Kaura
            "Kepagane-Peone"  # Kepagane-Peone
            "Kerenga"  # Kerenga
            "Kerika-Rebia"  # Kerika-Rebia
            "Khaswaho-Baitoheiro"  # Khaswaho-Baitoheiro
            "Kiakoa"  # Kiakoa
            "Kimba-Kopol"  # Kimba-Kopol
            "Kirupano-Eza'e"  # Kirupano-Eza'e
            "Kize"  # Kize
            "Kize-Obaneso"  # Kize-Obaneso
            "Klimbil"  # Klimbil
            "Koin"  # Koin
            "Kombagle"  # Kombagle
            "Komp-Nikints"  # Komp-Nikints
            "Kondon-Agaundo"  # Kondon-Agaundo
            "Konia-Taglba"  # Konia-Taglba
            "KopiaKerika-Kubal"  # KopiaKerika-Kubal
            "Koritoia-Ope"  # Koritoia-Ope
            "Korpore"  # Korpore
            "Korua-Kolta"  # Korua-Kolta
            "Korul-Korul"  # Korul-Korul
            "Kuan"  # Kuan
            "Kubal-Nori"  # Kubal-Nori
            "Kubarl"  # Kubarl
            "Kumai-Kana"  # Kumai-Kana
            "Kumi-Kispe"  # Kumi-Kispe
            "Kut"  # Kut
            "Kwipi-Nembil"  # Kwipi-Nembil
            "Loo"  # Loo
            "Lowai"  # Lowai
            "Maasi-Pinjinga"  # Maasi-Pinjinga
            "Maba"  # Maba
            "Maepkang-Miti"  # Maepkang-Miti
            "Miok"  # Miok
            "Mirani-Gena"  # Mirani-Gena
            "Moropia"  # Moropia
            "Mukuka-Wingti"  # Mukuka-Wingti
            "Naia-Imulan"  # Naia-Imulan
            "Namborn"  # Namborn
            "Nambuka-Ninji"  # Nambuka-Ninji
            "Nambuka-Titip"  # Nambuka-Titip
            "Napornga-Mare"  # Napornga-Mare
            "Narmu-Varnu"  # Narmu-Varnu
            "Nonggorr"  # Nonggorr
            "Obi"  # Obi
            "Okame"  # Okame
            "Onguglo-Komugl"  # Onguglo-Komugl
            "Opa"  # Opa
            "Opramb-Rumint"  # Opramb-Rumint
            "Ot"  # Ot
            "Owa"  # Owa
            "Pal"  # Pal
            "Pena"  # Pena
            "Penapul"  # Penapul
            "Peng"  # Peng
            "Petro-Pisine"  # Petro-Pisine
            "Pinketa"  # Pinketa
            "Pok"  # Pok
            "Pora"  # Pora
            "Powa"  # Powa
            "Pupun"  # Pupun
            "Rompinjimp-Nanganbia"  # Rompinjimp-Nanganbia
            "Seriate"  # Seriate
            "Sinamoi"  # Sinamoi
            "Sole-Sole"  # Sole-Sole
            "Subul"  # Subul
            "Teatakan"  # Teatakan
            "Towa-Ulta"  # Towa-Ulta
            "Tupia-Osiro"  # Tupia-Osiro
            "Ulaline"  # Ulaline
            "Ulka-Wena"  # Ulka-Wena
            "Vojavona"  # Vojavona
            "Wager"  # Wager
            "Wai"  # Wai
            "Wak"  # Wak
            "Wamp-Wan"  # Wamp-Wan
            "Wera-Mori"  # Wera-Mori
            "Wia-Tugl"  # Wia-Tugl
            "Xomerang"  # Xomerang
            "Yakamup"  # Yakamup
            "Yanopa-Kai"  # Yanopa-Kai
            "Yasa"  # Yasa
        }
        female_names = {
            "Aglem-Ter"  # Aglem-Ter
            "Amp-Biam"  # Amp-Biam
            "Amp-Kwimbe"  # Amp-Kwimbe
            "Amp-Nemong"  # Amp-Nemong
            "Amp-Wenta"  # Amp-Wenta
            "Ife"  # Ife
            "Jara"  # Jara
            "Kentiga"  # Kentiga
            "Koina"  # Koina
            "Kompamp-Kengakama"  # Kompamp-Kengakama
            "Kompamp-Mancy"  # Kompamp-Mancy
            "Kompamp-Meta"  # Kompamp-Meta
            "Kumbi"  # Kumbi
            "Kundika-Marpa"  # Kundika-Marpa
            "Kwimbe"  # Kwimbe
            "Mogumand"  # Mogumand
            "Nambuka"  # Nambuka
            "Nengka-Ampdau"  # Nengka-Ampdau
            "Palantina"  # Palantina
            "Rossa"  # Rossa
            "Sirizo"  # Sirizo
            "Yerema"  # Yerema
        }
    }
    aboriginal = {
        male_names = {
            "Adoni"  # Adoni
            "Akama"  # Akama
            "Allambee"  # Allambee
            "Amaroo"  # Amaroo
            "Apari"  # Apari
            "Araluen"  # Araluen
            "Araluen"  # Araluen
            "Arunta"  # Arunta
            "Balun"  # Balun
            "Balunn"  # Balunn
            "Dural"  # Dural
            "Ganan"  # Ganan
            "Gelar"  # Gelar
            "Girra"  # Girra
            "Jarra"  # Jarra
            "Jarrah"  # Jarrah
            "Jarrah"  # Jarrah
            "Jerara"  # Jerara
            "Jirra"  # Jirra
            "Kalti"  # Kalti
            "Maka"  # Maka
            "Mallee"  # Mallee
            "Mandu"  # Mandu
            "Marron"  # Marron
            "Matari"  # Matari
            "Mearann"  # Mearann
            "Minar"  # Minar
            "Miro"  # Miro
            "Mogo"  # Mogo
            "Monti"  # Monti
            "Mowan"  # Mowan
            "Odern"  # Odern
            "Orad"  # Orad
            "Parri"  # Parri
            "Pindan"  # Pindan
            "Pindari"  # Pindari
            "Taree"  # Taree
            "Tewart"  # Tewart
            "Tuart"  # Tuart
            "Uwan"  # Uwan
            "Warra"  # Warra
            "Warrain"  # Warrain
        }
        female_names = {
            "Akala"  # Akala
            "Alba"  # Alba
            "Alinga"  # Alinga
            "Alkina"  # Alkina
            "Alkira"  # Alkira
            "Allirea"  # Allirea
            "Allora"  # Allora
            "Allunga"  # Allunga
            "Amarina"  # Amarina
            "Anka"  # Anka
            "Apanie"  # Apanie
            "Coorah"  # Coorah
            "Coreen"  # Coreen
            "Corowa"  # Corowa
            "Darri"  # Darri
            "Eerin"  # Eerin
            "Ekala"  # Ekala
            "Elanora"  # Elanora
            "Ellin"  # Ellin
            "Elouera"  # Elouera
            "Gedala"  # Gedala
            "Gheera"  # Gheera
            "Kala"  # Kala
            "Kamballa"  # Kamballa
            "Karri"  # Karri
            "Karuah"  # Karuah
            "Katyin"  # Katyin
            "Kayle"  # Kayle
            "Kiah"  # Kiah
            "Kimba"  # Kimba
            "Kirra"  # Kirra
            "Kolora"  # Kolora
            "Koorine"  # Koorine
            "Maiya"  # Maiya
            "Mallana"  # Mallana
            "Manilla"  # Manilla
            "Manya"  # Manya
            "Marinna"  # Marinna
            "Marlee"  # Marlee
            "Mayra"  # Mayra
            "Meera"  # Meera
            "Merinda"  # Merinda
            "Merindah"  # Merindah
            "Neridah"  # Neridah
            "Niley"  # Niley
            "Noora"  # Noora
            "Olba"  # Olba
            "Olono"  # Olono
            "Oola"  # Oola
            "Orana"  # Orana
            "Orani"  # Orani
            "Pangari"  # Pangari
            "Pengana"  # Pengana
            "Pierah"  # Pierah
            "Weema"  # Weema
            "Wihelma"  # Wihelma
            "Wilga"  # Wilga
            "Wilhemine"  # Wilhemine
            "Willa"  # Willa
            "Wilmette"  # Wilmette
            "Wyla"  # Wyla
            "Wyuna"  # Wyuna
            "Yani"  # Yani
            "Yara"  # Yara
            "Yaralla"  # Yaralla
        }
    }
    melanesian = {
        male_names = {
            "Komala Pulu"  # Komala Pulu
            "Marhum"  # Marhum
            "Zainal Abidin"  # Zainal Abidin
            "Bayanullah"  # Bayanullah
            "Hidayatullah"  # Hidayatullah
            "Abu Hayat"  # Abu Hayat
            "Tabariji"  # Tabariji
            "Khairun Jamil"  # Khairun Jamil
            "Babullah Datu Shah"  # Babullah Datu Shah
            "Said Barakat Shah"  # Said Barakat Shah
            "Muzaffar Shah"  # Muzaffar Shah
            "Hamzah"  # Hamzah
            "Manilha"  # Manilha
            "Mandar Shah"  # Mandar Shah
            "Sibori"  # Sibori
            "Said Fathullah"  # Said Fathullah
            "Amir Iskandar Zulkarnain Saifuddin"  # Amir Iskandar Zulkarnain Saifuddin
            "Ayan Shah"  # Ayan Shah
            "Syah Mardan"  # Syah Mardan
            "Jalaluddin"  # Jalaluddin
            "Harun Shah"  # Harun Shah
            "Achral"  # Achral
            "Muhammad Yasin"  # Muhammad Yasin
            "Muhammad Ali"  # Muhammad Ali
        }
        female_names = {
            "Cinta"  # Cinta
            "Wangi"  # Wangi
            "Tani"  # Tani
            "Ema"  # Ema
            "Nanise"  # Nanise
            "Rosi"  # Rosi
            "Salanieta"  # Salanieta
            "Tanna"  # Tanna
        }
    }
    moluccan = {
        primary = TER
        male_names = {
            "Komala Pulu"  # Komala Pulu
            "Marhum"  # Marhum
            "Zainal Abidin"  # Zainal Abidin
            "Bayanullah"  # Bayanullah
            "Hidayatullah"  # Hidayatullah
            "Abu Hayat"  # Abu Hayat
            "Tabariji"  # Tabariji
            "Khairun Jamil"  # Khairun Jamil
            "Babullah Datu Shah"  # Babullah Datu Shah
            "Said Barakat Shah"  # Said Barakat Shah
            "Muzaffar Shah"  # Muzaffar Shah
            "Hamzah"  # Hamzah
            "Manilha"  # Manilha
            "Mandar Shah"  # Mandar Shah
            "Sibori"  # Sibori
            "Said Fathullah"  # Said Fathullah
            "Amir Iskandar Zulkarnain Saifuddin"  # Amir Iskandar Zulkarnain Saifuddin
            "Ayan Shah"  # Ayan Shah
            "Syah Mardan"  # Syah Mardan
            "Jalaluddin"  # Jalaluddin
            "Harun Shah"  # Harun Shah
            "Achral"  # Achral
            "Muhammad Yasin"  # Muhammad Yasin
            "Muhammad Ali"  # Muhammad Ali
        }
        female_names = {
            "Cinta"  # Cinta
            "Wangi"  # Wangi
            "Tani"  # Tani
            "Ema"  # Ema
            "Nanise"  # Nanise
            "Rosi"  # Rosi
            "Salanieta"  # Salanieta
            "Tanna"  # Tanna
        }
    }
    dynasty_names = {
        "Balla"  # Balla
        "Bulu"  # Bulu
        "Lompo"  # Lompo
        "Sallo"  # Sallo
        "Karaeng"  # Karaeng
        "Bambang"  # Bambang
        "Cipuru"  # Cipuru
        "Doe"  # Doe
        "Iyo"  # Iyo
        "Tena"  # Tena
        "Tabe"  # Tabe
        "Apa"  # Apa
        "Lakeko"  # Lakeko
        "Battu"  # Battu
        "Keko"  # Keko
    }
}