hindusthani = {
    graphical_culture = indiangfx
    avadhi = {
        primary = ODH
        dynasty_names = {
            "乌德 达乌拉"  # ud Daula
            "阿瓦德"  # Awadhi
            "昌德"  # Chand
            "班德拉"  # Bundela
            "Malikzada"  # Malikzada
            "Tomara"  # Tomara
            "Raghuvansi"  # Raghuvansi
            "Parmari"  # Parmari
        }
        male_names = {
            "Muhammad Sa'adat Khan"  # Muhammad Sa'adat Khan
            "Muhammad Safdar Jang"  # Muhammad Safdar Jang
            "Shujah ad-Daula"  # Shujah ad-Daula
            "Asaf ad-Daula"  # Asaf ad-Daula
            "Wazir 'Ali"  # Wazir 'Ali
            "Sa'adat 'Ali Khan"  # Sa'adat 'Ali Khan
            "Ghazi ud-Din Haidar"  # Ghazi ud-Din Haidar
            "Saadat"  # Saadat
            "Safdarjung"  # Safdarjung
            "Hyder"  # Hyder
            "Birjis Qadra"  # Birjis Qadra
            "Ali"  # Ali
            "阿拉丁"  # Alauddin
            "Bhi"  # Bhi
            "Malik"  # Malik
            "Narendra"  # Narendra
            "Bismillah"  # Bismillah
            "Obaid"  # Obaid
            "Iqbal"  # Iqbal
        }
        female_names = {
            "Hazrat Mahal"  # Hazrat Mahal
            "Farzana"  # Farzana
            "Fakhr-un-Nisa"  # Fakhr-un-Nisa
        }
    }
    kanauji = {
        primary = DLH
        dynasty_names = {
            "Tughluq"  # Tughluq
            "Lodi"  # Lodi
            "Khilji"  # Khilji
        }
        male_names = {
            "Nusrat"  # Nusrat
            "Sayyid Khidr"  # Sayyid Khidr
            "Daulat Khan"  # Daulat Khan
            "Khidr Khan"  # Khidr Khan
            "Mubarrak Shah"  # Mubarrak Shah
            "Mohammed Shah"  # Mohammed Shah
            "Aladdin Alam Shah"  # Aladdin Alam Shah
            "Bahlûl"  # Bahlûl
            "赛坎德尔"  # Saikander
            "Ibrahim"  # Ibrahim
            "Sher"  # Sher
            "Islam Shah"  # Islam Shah
            "Saadat"  # Saadat
            "Safdarjung"  # Safdarjung
            "Hyder"  # Hyder
            "Birjis Qadra"  # Birjis Qadra
            "Ali"  # Ali
            "Iqbal"  # Iqbal
            "Alauddin"  # Alauddin
            "Bhi"  # Bhi
            "Malik"  # Malik
            "Narendra"  # Narendra
            "Bismillah"  # Bismillah
            "Obaid"  # Obaid
            "Hemu"  # Hemu
            "Ghazi"  # Ghazi
        }
        female_names = {
            "Raziyya"  # Raziyya
            "Bahar"  # Bahar
            "Roshanara"  # Roshanara
            "Fakhr-un-Nisa"  # Fakhr-un-Nisa
        }
    }
    vindhyan = {
        primary = BND
        dynasty_names = {
            "Baghela"  # Baghela
            "Malikzada"  # Malikzada
            "Bundela"  # Bundela
            "Tomara"  # Tomara
            "Karkare"  # Karkare
            "Newalkar"  # Newalkar
        }
    }
    panjabi = {
        primary = PUN
        dynasty_names = {
            "Kohkkar"  # Kohkkar
            "Gakhkhar"  # Gakhkhar
            "Phulkian"  # Phulkian
            "Bhullara"  # Bhullara
            "Dhaliwala"  # Dhaliwala
            "Sandhawalia"  # Sandhawalia
            "Ahluwalia"  # Ahluwalia
            "Langa"  # Langa
            "Mirrani"  # Mirrani
            "Abbasi"  # Abbasi
            "Janda"  # Janda
            "Jhuti"  # Jhuti
            "Kahlon"  # Kahlon
            "Banu Sama"  # Banu Sama
        }
        male_names = {
            "Jassa Ahuwalia"  # Jassa Ahuwalia
            "Lahina"  # Lahina
            "Ranjit"  # Ranjit
            "Bhag"  # Bhag
            "Kharak"  # Kharak
            "Duleep"  # Duleep
            "Fateh"  # Fateh
            "Maha"  # Maha
            "Sobha"  # Sobha
            "Narnak"  # Narnak
            "Ram"  # Ram
            "Arjan"  # Arjan
            "Gobind"  # Gobind
            "Rai"  # Rai
            "Krishan"  # Krishan
            "Bahadur"  # Bahadur
            "Sardar Badar"  # Sardar Badar
            "Balbir"  # Balbir
            "Bhalla"  # Bhalla
            "Daya"  # Daya
            "Gahunia"  # Gahunia
            "Gian"  # Gian
            "Nihang "  # Nihang 
            "Granth"  # Granth
            "Bhai Bachittar"  # Bhai Bachittar
            "Himmat"  # Himmat
            "Hoora"  # Hoora
            "Ishnar"  # Ishnar
            "Jhol"  # Jhol
            "Jhotti"  # Jhotti
            "Mokham"  # Mokham
            "Nand"  # Nand
            "Parmanand"  # Parmanand
            "Rajsingh"  # Rajsingh
            "Sanlib"  # Sanlib
            "Sardul"  # Sardul
            "Shabeg"  # Shabeg
            "Shergill"  # Shergill
            "Sodhi"  # Sodhi
            "Sohal"  # Sohal
            "Tara"  # Tara
            "Udasi"  # Udasi
            "Angad"  # Angad
            "Amar"  # Amar
            "Lohaar"  # Lohaar
            "Dharem"  # Dharem
            "Fakir"  # Fakir
            "Ranjor"  # Ranjor
            "Ajit"  # Ajit
            "Amar"  # Amar
            "Amar Dasi"  # Amar Dasi
            "Amir"  # Amir
            "Angad"  # Angad
            "Arjun"  # Arjun
            "Atar"  # Atar
            "Basawa"  # Basawa
            "Bhagwant"  # Bhagwant
            "Bhaimani"  # Bhaimani
            "Budh"  # Budh
            "Chand"  # Chand
            "Charat"  # Charat
            "Damodar"  # Damodar
            "Dasu"  # Dasu
            "Datu"  # Datu
            "Dayaram"  # Dayaram
            "Didar"  # Didar
            "Farid"  # Farid
            "Fateh"  # Fateh
            "Gobind"  # Gobind
            "Gurdita"  # Gurdita
            "Hargobind"  # Hargobind
            "Hari"  # Hari
            "Har Krishan"  # Har Krishan
            "Har Rai"  # Har Rai
            "Jai Ram"  # Jai Ram
            "Jetha"  # Jetha
            "Jujhar"  # Jujhar
            "Kalyan"  # Kalyan
            "Kapur"  # Kapur
            "Kehar"  # Kehar
            "Kharak"  # Kharak
            "Khushal"  # Khushal
            "Lahna"  # Lahna
            "Lakhmichand"  # Lakhmichand
            "Laxman"  # Laxman
            "Mahadev"  # Mahadev
            "Mohan"  # Mohan
            "Mohri"  # Mohri
            "Nanak"  # Nanak
            "Narayan"  # Narayan
            "Nodha"  # Nodha
            "Partap"  # Partap
            "Pheru"  # Pheru
            "Prithichand"  # Prithichand
            "Prithvi"  # Prithvi
            "Ram Rai"  # Ram Rai
            "Ranjit"  # Ranjit
            "Sahdev"  # Sahdev
            "Shamsher"  # Shamsher
            "Sher"  # Sher
            "Srichand"  # Srichand
            "Tegh Bahadur"  # Tegh Bahadur
            "Tej Bhan"  # Tej Bhan
            "Thakur"  # Thakur
            "Zorawar"  # Zorawar
        }
        female_names = {
            "Amro"  # Amro
            "Anokhi"  # Anokhi
            "Anup"  # Anup
            "Begum"  # Begum
            "Bhani"  # Bhani
            "Dani"  # Dani
            "Gujri"  # Gujri
            "Jodhabai"  # Jodhabai
            "Khivi"  # Khivi
            "Kishan"  # Kishan
            "Lachmi"  # Lachmi
            "Nanaki"  # Nanaki
            "Nihal"  # Nihal
            "Ramo"  # Ramo
            "Sabhirai"  # Sabhirai
            "Sahib"  # Sahib
            "Sulakhni"  # Sulakhni
            "Sundari"  # Sundari
            "Tripta"  # Tripta
            "Chand Kaur"  # Chand Kaur
            "Ratan Kaur"  # Ratan Kaur
            "Kanwal Kaur"  # Kanwal Kaur
            "Datar Kaur"  # Datar Kaur
            "Nand Kaur"  # Nand Kaur
            "Mahtab"  # Mahtab
        }
    }
    kashmiri = {
        primary = KSH
        dynasty_names = {
            "Shah Miri"  # Shah Miri
            "Sayyidi"  # Sayyidi
            "Mirrani"  # Mirrani
            "Ladakhi"  # Ladakhi
        }
        male_names = {
            "Sikandar"  # Sikandar
            "Ali Shah"  # Ali Shah
            "Zayn al-'Abidin"  # Zayn al-'Abidin
            "Haydar Shah"  # Haydar Shah
            "Hasan Shah"  # Hasan Shah
            "Muhammad Shah"  # Muhammad Shah
            "Sayyid Hassan"  # Sayyid Hassan
            "Fath Shah"  # Fath Shah
            "Ibrahim Shah"  # Ibrahim Shah
            "Nazuk Shah"  # Nazuk Shah
            "Shams ad-Din"  # Shams ad-Din
            "Ismail Shah"  # Ismail Shah
            "Ghazi Shah"  # Ghazi Shah
            "Husayn Shah"  # Husayn Shah
            "Yusuf Shah"  # Yusuf Shah
            "Lohir Shah"  # Lohir Shah
            "Nabib Shah"  # Nabib Shah
            "Ya'qub Shah"  # Ya'qub Shah
            "Ibrahim"  # Ibrahim
            "Hassan"  # Hassan
            "Nazuk"  # Nazuk
            "Yusuf"  # Yusuf
            "Ya'qub"  # Ya'qub
            "Muhammad"  # Muhammad
            "Ali"  # Ali
            "Ismail"  # Ismail
            "Gulab"  # Gulab
            "Ranbir"  # Ranbir
            "Hari"  # Hari
            "Pratap"  # Pratap
            "Kishore"  # Kishore
            "Zorawar"  # Zorawar
            "Jonaraja"  # Jonaraja
            "Prajna"  # Prajna
            "Hamza"  # Hamza
        }
        female_names = {
            "Kota"  # Kota
            "Sibaia"  # Sibaia
            "Tara Devi"  # Tara Devi
        }
    }
    male_names = {
        "Achalraj"  # Achalraj
        "Achalraja"  # Achalraja
        "Achalraja"  # Achalraja
        "Achalraja"  # Achalraja
        "Adhandev"  # Adhandev
        "Adityadeva"  # Adityadeva
        "Ajmal"  # Ajmal
        "Alsi"  # Alsi
        "Amir"  # Amir
        "Anangpal"  # Anangpal
        "Anangpala"  # Anangpala
        "Anangpala"  # Anangpala
        "Anangpala"  # Anangpala
        "Anupapala"  # Anupapala
        "Anupapala"  # Anupapala
        "Anuppal"  # Anuppal
        "Anupapala"  # Anupapala
        "Apara Gangeya"  # Apara Gangeya
        "Arjunpal"  # Arjunpal
        "Arjunpala"  # Arjunpala
        "Arjunpala"  # Arjunpala
        "Arjunpala"  # Arjunpala
        "Arjunavarman"  # Arjunavarman
        "Bacchdev"  # Bacchdev
        "Bachraj"  # Bachraj
        "Baghpal"  # Baghpal
        "Baghpala"  # Baghpala
        "Baghpala"  # Baghpala
        "Baghpala"  # Baghpala
        "Bahadur-Singh"  # Bahadur-Singh
        "Beejpal"  # Beejpal
        "Beejpala"  # Beejpala
        "Beejpala"  # Beejpala
        "Beejpala"  # Beejpala
        "Bhaadar"  # Bhaadar
        "Bhilpala"  # Bhilpala
        "Bhoj"  # Bhoj
        "Bhoja"  # Bhoja
        "Bhoja"  # Bhoja
        "Bhoja"  # Bhoja
        "Bhojavarman"  # Bhojavarman
        "Bhoja"  # Bhoja
        "Bhopal"  # Bhopal
        "Bhumpal"  # Bhumpal
        "Bhumpala"  # Bhumpala
        "Bhumpala"  # Bhumpala
        "Bhumpala"  # Bhumpala
        "Birpal"  # Birpal
        "Birpala"  # Birpala
        "Birpala"  # Birpala
        "Birpala"  # Birpala
        "Bisaldeva"  # Bisaldeva
        "Brahmadeva"  # Brahmadeva
        "Brahmapala"  # Brahmapala
        "Brahmdevpal"  # Brahmdevpal
        "Chand"  # Chand
        "Devapala"  # Devapala
        "Devavarman"  # Devavarman
        "Dhanga"  # Dhanga
        "Dhanga"  # Dhanga
        "Dhangadeva"  # Dhangadeva
        "Dhanga"  # Dhanga
        "Dharmapala"  # Dharmapala
        "Dhaulshaya"  # Dhaulshaya
        "Dilipapala"  # Dilipapala
        "Dilipapala"  # Dilipapala
        "Dilippal"  # Dilippal
        "Dilipapala"  # Dilipapala
        "Doth"  # Doth
        "Draupad"  # Draupad
        "Draupada"  # Draupada
        "Draupada"  # Draupada
        "Draupada"  # Draupada
        "Dugarendra"  # Dugarendra
        "Gambhir"  # Gambhir
        "Ganapatideva"  # Ganapatideva
        "Gandadeva"  # Gandadeva
        "Gangeya"  # Gangeya
        "Ghatamdeva"  # Ghatamdeva
        "Gopal"  # Gopal
        "Gopala"  # Gopala
        "Gopala"  # Gopala
        "Gopala"  # Gopala
        "Govindachandra"  # Govindachandra
        "Govindapala"  # Govindapala
        "Govindaraja"  # Govindaraja
        "Govindaraja"  # Govindaraja
        "Govindraj"  # Govindraj
        "Govindaraja"  # Govindaraja
        "Hamir"  # Hamir
        "Hammiravarman"  # Hammiravarman
        "Harpal"  # Harpal
        "Harsa"  # Harsa
        "Harsa"  # Harsa
        "Harshapala"  # Harshapala
        "Harsa"  # Harsa
        "Hirapal"  # Hirapal
        "Hirapala"  # Hirapala
        "Hirapala"  # Hirapala
        "Hirapala"  # Hirapala
        "Indrapal"  # Indrapal
        "Indrapala"  # Indrapala
        "Indrapala"  # Indrapala
        "Indrapala"  # Indrapala
        "Ishtpala"  # Ishtpala
        "Jaganpal"  # Jaganpal
        "Jaganpala"  # Jaganpala
        "Jaganpala"  # Jaganpala
        "Jaganpala"  # Jaganpala
        "Jagatpal"  # Jagatpal
        "Jagatpala"  # Jagatpala
        "Jagatpala"  # Jagatpala
        "Jagatpala"  # Jagatpala
        "Jagdev"  # Jagdev
        "Jagdeva"  # Jagdeva
        "Jagdeva"  # Jagdeva
        "Jagdeva"  # Jagdeva
        "Jaidas"  # Jaidas
        "Jaipal"  # Jaipal
        "Jaitugideva"  # Jaitugideva
        "Jasapala"  # Jasapala
        "Jasapala"  # Jasapala
        "Jaspal"  # Jaspal
        "Jasapala"  # Jasapala
        "Jatanpal"  # Jatanpal
        "Jatanpala"  # Jatanpala
        "Jatanpala"  # Jatanpala
        "Jatanpala"  # Jatanpala
        "Jayapala"  # Jayapala
        "Jayasakti"  # Jayasakti
        "Jayasimha"  # Jayasimha
        "Jayavarman"  # Jayavarman
        "Jhetpal"  # Jhetpal
        "Jhetpala"  # Jhetpala
        "Jhetpala"  # Jhetpala
        "Jhetpala"  # Jhetpala
        "Junpala"  # Junpala
        "Kailaspal"  # Kailaspal
        "Kailaspala"  # Kailaspala
        "Kailaspala"  # Kailaspala
        "Kailaspala"  # Kailaspala
        "Kalkurna"  # Kalkurna
        "Kalyanachandra"  # Kalyanachandra
        "Kakhopal"  # Kakhopal
        "Kakhopala"  # Kakhopala
        "Kakhopala"  # Kakhopala
        "Kakhopala"  # Kakhopala
        "Kamal"  # Kamal
        "Kanhad"  # Kanhad
        "Kanvarpal"  # Kanvarpal
        "Kanvarpala"  # Kanvarpala
        "Kanvarpala"  # Kanvarpala
        "Kanvarpala"  # Kanvarpala
        "Karnpal"  # Karnpal
        "Keeratdeva"  # Keeratdeva
        "Khadag"  # Khadag
        "Khetrapal"  # Khetrapal
        "Khetrapala"  # Khetrapala
        "Khetrapala"  # Khetrapala
        "Khetrapala"  # Khetrapala
        "Kiratpal"  # Kiratpal
        "Kiratpala"  # Kiratpala
        "Kiratpala"  # Kiratpala
        "Kiratpala"  # Kiratpala
        "Krishnray"  # Krishnray
        "Krsnapa"  # Krsnapa
        "Kumarapala"  # Kumarapala
        "Kunwar"  # Kunwar
        "Kunwar"  # Kunwar
        "Kunwarpal"  # Kunwarpal
        "Kunwar"  # Kunwar
        "Ladahachandra"  # Ladahachandra
        "Lakshmandeva"  # Lakshmandeva
        "Lokpala"  # Lokpala
        "Madanapala"  # Madanapala
        "Madanavarman"  # Madanavarman
        "Maharana"  # Maharana
        "Mahendrapal"  # Mahendrapal
        "Mahendrapala"  # Mahendrapala
        "Mahendrapala"  # Mahendrapala
        "Mahendrapala"  # Mahendrapala
        "Mahipal"  # Mahipal
        "Mahipala"  # Mahipala
        "Mahipala"  # Mahipala
        "Mahipala"  # Mahipala
        "Mahipata"  # Mahipata
        "Mahlakadeva"  # Mahlakadeva
        "Mandandeva"  # Mandandeva
        "Mangaldeva"  # Mangaldeva
        "Margdeva"  # Margdeva
        "Mihira"  # Mihira
        "Nagapala"  # Nagapala
        "Nagdeo"  # Nagdeo
        "Nannuka"  # Nannuka
        "Naravarman"  # Naravarman
        "Narayanapala"  # Narayanapala
        "Narpal"  # Narpal
        "Nayapala"  # Nayapala
        "Nihaal"  # Nihaal
        "Nihalray"  # Nihalray
        "Paramardideva"  # Paramardideva
        "Pavak"  # Pavak
        "Peepalraj"  # Peepalraj
        "Popatraj"  # Popatraj
        "Pritampal"  # Pritampal
        "Pritampala"  # Pritampala
        "Pritampala"  # Pritampala
        "Pritampala"  # Pritampala
        "Prithipala"  # Prithipala
        "Prithvi"  # Prithvi
        "Prithvi"  # Prithvi
        "Prithvipal"  # Prithvipal
        "Prithvi"  # Prithvi
        "Prithviraj"  # Prithviraj
        "Prithviraja"  # Prithviraja
        "Prithviraja"  # Prithviraja
        "Prithviraja"  # Prithviraja
        "Prithvivarman"  # Prithvivarman
        "Rahila"  # Rahila
        "Rajapala"  # Rajapala
        "Rajyapala"  # Rajyapala
        "Ramabhadra"  # Ramabhadra
        "Ramachandra"  # Ramachandra
        "Rampal"  # Rampal
        "Rampala"  # Rampala
        "Rampala"  # Rampala
        "Rampala"  # Rampala
        "Rana"  # Rana
        "Rangraj"  # Rangraj
        "Rangraja"  # Rangraja
        "Rangraja"  # Rangraja
        "Rangraja"  # Rangraja
        "Ratnapala"  # Ratnapala
        "Rijhpala"  # Rijhpala
        "Roshandeva"  # Roshandeva
        "Salivaahan"  # Salivaahan
        "Sallaksanavarman"  # Sallaksanavarman
        "Saugandeva"  # Saugandeva
        "Shurapala"  # Shurapala
        "Sisupal"  # Sisupal
        "Sisupala"  # Sisupala
        "Sisupala"  # Sisupala
        "Sisupala"  # Sisupala
        "Sohanpal"  # Sohanpal
        "Somasi"  # Somasi
        "Someshvara"  # Someshvara
        "Sonpal"  # Sonpal
        "Sonpala"  # Sonpala
        "Sonpala"  # Sonpala
        "Sonpala"  # Sonpala
        "Srichandra"  # Srichandra
        "Subhatavarman"  # Subhatavarman
        "Sukhinpal"  # Sukhinpal
        "Sukhinpala"  # Sukhinpala
        "Sukhinpala"  # Sukhinpala
        "Sukhinpala"  # Sukhinpala
        "Sulakshanpal"  # Sulakshanpal
        "Sultanpal"  # Sultanpal
        "Sultanpala"  # Sultanpala
        "Sultanpala"  # Sultanpala
        "Sultanpala"  # Sultanpala
        "Surajpal"  # Surajpal
        "Surajpala"  # Surajpala
        "Surajpala"  # Surajpala
        "Surajpala"  # Surajpala
        "Traillokyachandra"  # Traillokyachandra
        "Tejapala"  # Tejapala
        "Tejpal"  # Tejpal
        "Tejpal"  # Tejpal
        "Tejpal"  # Tejpal
        "Tolpal"  # Tolpal
        "Trailokyavarman"  # Trailokyavarman
        "Trilochanpala"  # Trilochanpala
        "Udayaditya"  # Udayaditya
        "Udaysangh"  # Udaysangh
        "Uddharandeva"  # Uddharandeva
        "Vachhal"  # Vachhal
        "Vakpati"  # Vakpati
        "Vapyata"  # Vapyata
        "Varshapala"  # Varshapala
        "Varshapala"  # Varshapala
        "Varshpal"  # Varshpal
        "Varshapala"  # Varshapala
        "Vasudev"  # Vasudev
        "Vidurathpal"  # Vidurathpal
        "Vidurathpala"  # Vidurathpala
        "Vidurathpala"  # Vidurathpala
        "Vidurathpala"  # Vidurathpala
        "Vidyadhara"  # Vidyadhara
        "Vigrahapala"  # Vigrahapala
        "Vigraharaja"  # Vigraharaja
        "Vihangpal"  # Vihangpal
        "维贾亚帕拉"  # Vijayapala
        "维贾雅萨克蒂"  # Vijayasakti
        "Vinayakapala"  # Vinayakapala
        "Vindhyavarman"  # Vindhyavarman
        "Viramdeva"  # Viramdeva
        "Viravarman"  # Viravarman
        "Virsinghadeva"  # Virsinghadeva
        "Yasovarman"  # Yasovarman
    }
    female_names = {
        "Akal"  # Akal
        "Anantadevi"  # Anantadevi
        "Damayanti"  # Damayanti
        "Dattadevi"  # Dattadevi
        "Dehanagadevi"  # Dehanagadevi
        "Dhruvadevi"  # Dhruvadevi
        "Dhruvasvamini"  # Dhruvasvamini
        "Hemavati"  # Hemavati
        "Kakanvati"  # Kakanvati
        "Kalayandevi"  # Kalayandevi
        "Kanchuka"  # Kanchuka
        "Kanwar"  # Kanwar
        "Karmavati"  # Karmavati
        "Kumaradevi"  # Kumaradevi
        "Lakshman"  # Lakshman
        "Maharani"  # Maharani
        "Mahidevi"  # Mahidevi
        "Nattadevi"  # Nattadevi
        "Prabhavati"  # Prabhavati
        "Prabhavatigupta"  # Prabhavatigupta
        "Prasadhanadevi"  # Prasadhanadevi
        "Puppadevi"  # Puppadevi
        "Rajamati"  # Rajamati
        "Sanyukta"  # Sanyukta
        "Shrimitradevi"  # Shrimitradevi
        "Aadi"  # Aadi
        "Abhirati"  # Abhirati
        "Aditi"  # Aditi
        "Adya"  # Adya
        "Agrata"  # Agrata
        "Ahalya"  # Ahalya
        "Ahisma"  # Ahisma
        "Ajaya"  # Ajaya
        "Alka"  # Alka
        "Amaravati"  # Amaravati
        "Amba"  # Amba
        "Ambar"  # Ambar
        "Ambika"  # Ambika
        "Ambrosia"  # Ambrosia
        "Amhi"  # Amhi
        "Amhika"  # Amhika
        "Amma"  # Amma
        "Amritha"  # Amritha
        "Anahita"  # Anahita
        "Anala"  # Anala
        "Ananda"  # Ananda
        "Ananta"  # Ananta
        "Anasuya"  # Anasuya
        "Anga"  # Anga
        "Angirasa"  # Angirasa
        "Anila"  # Anila
        "Annapurna"  # Annapurna
        "Anumati"  # Anumati
        "Apala"  # Apala
        "Apsaras"  # Apsaras
        "Arpana"  # Arpana
        "Aruna"  # Aruna
        "Arundhati"  # Arundhati
        "Arya"  # Arya
        "Avani"  # Avani
        "Avasa"  # Avasa
        "Avatara"  # Avatara
        "Baka"  # Baka
        "Ballari"  # Ballari
        "Behula"  # Behula
        "Bela"  # Bela
        "Bha"  # Bha
        "Bhadraa"  # Bhadraa
        "Bhagiratha"  # Bhagiratha
        "Bharati"  # Bharati
        "Bhikkhuni"  # Bhikkhuni
        "Bhimadevi"  # Bhimadevi
        "Bhu"  # Bhu
        "Bhudevi"  # Bhudevi
        "Brinda"  # Brinda
        "Chamunda"  # Chamunda
        "Chanda"  # Chanda
        "Chandi"  # Chandi
        "Chandra"  # Chandra
        "Changla"  # Changla
        "Channa"  # Channa
        "Charumati"  # Charumati
        "Chhaya"  # Chhaya
        "Chitra"  # Chitra
        "Corona"  # Corona
        "Daeva"  # Daeva
        "Dakini"  # Dakini
        "Dakshina"  # Dakshina
        "Damayanti"  # Damayanti
        "Daru"  # Daru
        "Denali"  # Denali
        "Deva"  # Deva
        "Devaki"  # Devaki
        "Devamatar"  # Devamatar
        "Devayani"  # Devayani
        "Devi"  # Devi
        "Devika"  # Devika
        "Dharani"  # Dharani
        "Dharma"  # Dharma
        "Diti"  # Diti
        "Div"  # Div
        "Divya"  # Divya
        "Drisana"  # Drisana
        "Durga"  # Durga
        "Ellora"  # Ellora
        "Eshana"  # Eshana
        "Gambhiri"  # Gambhiri
        "Gandhari"  # Gandhari
        "Ganesa"  # Ganesa
        "Garima"  # Garima
        "Garuda"  # Garuda
        "Garudi"  # Garudi
        "Gatha"  # Gatha
        "Gaura"  # Gaura
        "Gauri"  # Gauri
        "Gayatri"  # Gayatri
        "Gita"  # Gita
        "Guri"  # Guri
        "Haimati"  # Haimati
        "Hanita"  # Hanita
        "Hara"  # Hara
        "Hariti"  # Hariti
        "Harsha"  # Harsha
        "Hema"  # Hema
        "Hetal"  # Hetal
        "Indi"  # Indi
        "Indira"  # Indira
        "Indra"  # Indra
        "Indrani"  # Indrani
        "Indumati"  # Indumati
        "Ishana"  # Ishana
        "Ishani"  # Ishani
        "Jaganmata"  # Jaganmata
        "Jamuna"  # Jamuna
        "Janna"  # Janna
        "Jarita"  # Jarita
        "Jaya"  # Jaya
        "Jayanti"  # Jayanti
        "Jayne"  # Jayne
        "Jivanta"  # Jivanta
        "Jui"  # Jui
        "Jyotika"  # Jyotika
        "Jyotis"  # Jyotis
        "Kadru"  # Kadru
        "Kailasa"  # Kailasa
        "Kala"  # Kala
        "Kali"  # Kali
        "Kalinda"  # Kalinda
        "Kalindi"  # Kalindi
        "Kalli"  # Kalli
        "Kallie"  # Kallie
        "Kamala"  # Kamala
        "Kamana"  # Kamana
        "Kanan"  # Kanan
        "Kantha"  # Kantha
        "Kanya"  # Kanya
        "Karka"  # Karka
        "Karma"  # Karma
        "Karuna"  # Karuna
        "Kasi"  # Kasi
        "Kaveri"  # Kaveri
        "Kavindra"  # Kavindra
        "Kerani"  # Kerani
        "Kesava"  # Kesava
        "Khasa"  # Khasa
        "Kiran"  # Kiran
        "Kirati"  # Kirati
        "Kiri"  # Kiri
        "Kirsi"  # Kirsi
        "Kirtana"  # Kirtana
        "Kirti"  # Kirti
        "Komala"  # Komala
        "Krodha"  # Krodha
        "Kumari"  # Kumari
        "Kumuda"  # Kumuda
        "Kumudavati"  # Kumudavati
        "Kunti"  # Kunti
        "Laasya"  # Laasya
        "Lajila"  # Lajila
        "Laksha"  # Laksha
        "Lakshmi"  # Lakshmi
        "Lakya"  # Lakya
        "Lalasa"  # Lalasa
        "Lalita"  # Lalita
        "Lanka"  # Lanka
        "Latika"  # Latika
        "Lavanya"  # Lavanya
        "Leya"  # Leya
        "Madhur"  # Madhur
        "Madri"  # Madri
        "Mahadevi"  # Mahadevi
        "Mahamari"  # Mahamari
        "Mahesa"  # Mahesa
        "Maheshvari"  # Maheshvari
        "Mahila"  # Mahila
        "Maina"  # Maina
        "Makara"  # Makara
        "Malini"  # Malini
        "Mallika"  # Mallika
        "Manasa"  # Manasa
        "Manda"  # Manda
        "Mandara"  # Mandara
        "Manju"  # Manju
        "Marisha"  # Marisha
        "Matrika"  # Matrika
        "Meena"  # Meena
        "Meghana"  # Meghana
        "Mehadi"  # Mehadi
        "Minda"  # Minda
        "Mira"  # Mira
        "Mrinal"  # Mrinal
        "Muniya"  # Muniya
        "Nanda"  # Nanda
        "Nandini"  # Nandini
        "Narmada"  # Narmada
        "Natesa"  # Natesa
        "Nayana"  # Nayana
        "Neeja"  # Neeja
        "Neema"  # Neema
        "Nidra"  # Nidra
        "Niloufer"  # Niloufer
        "Nipa"  # Nipa
        "Nirveli"  # Nirveli
        "Nisha"  # Nisha
        "Nitara"  # Nitara
        "Niyati"  # Niyati
        "Odra"  # Odra
        "Ojal"  # Ojal
        "Omana"  # Omana
        "Opal"  # Opal
        "Padma"  # Padma
        "Pallavi"  # Pallavi
        "Pandara"  # Pandara
        "Pandita"  # Pandita
        "Parvani"  # Parvani
        "Pinga"  # Pinga
        "Pishachi"  # Pishachi
        "Pithasthana"  # Pithasthana
        "Prabha"  # Prabha
        "Pramlocha"  # Pramlocha
        "Premala"  # Premala
        "Quasar"  # Quasar
        "Rachana"  # Rachana
        "Radha"  # Radha
        "Raja"  # Raja
        "Rajni"  # Rajni
        "Ramya"  # Ramya
        "Ran"  # Ran
        "Rana"  # Rana
        "Rane"  # Rane
        "Ranee"  # Ranee
        "Rani"  # Rani
        "Rania"  # Rania
        "Rashmika"  # Rashmika
        "Rati"  # Rati
        "Ratna"  # Ratna
        "Ravati"  # Ravati
        "Rekha"  # Rekha
        "Riddhi"  # Riddhi
        "Rohana"  # Rohana
        "Rohini"  # Rohini
        "Ruana"  # Ruana
        "Rubaina"  # Rubaina
        "Ruma"  # Ruma
        "Rupali"  # Rupali
        "Sakari"  # Sakari
        "Sakina"  # Sakina
        "Sakra"  # Sakra
        "Sakujna"  # Sakujna
        "Samvarta"  # Samvarta
        "Sandhya"  # Sandhya
        "Saniya"  # Saniya
        "Sanjna"  # Sanjna
        "Sany"  # Sany
        "Sara"  # Sara
        "Sarama"  # Sarama
        "Sarisha"  # Sarisha
        "Sati"  # Sati
        "Satya"  # Satya
        "Satyavati"  # Satyavati
        "Saura"  # Saura
        "Savarna"  # Savarna
        "Savitari"  # Savitari
        "Seema"  # Seema
        "Sevita"  # Sevita
        "Sevti"  # Sevti
        "Shaibya"  # Shaibya
        "Shakini"  # Shakini
        "Shakra"  # Shakra
        "Shakti"  # Shakti
        "Shalin"  # Shalin
        "Shanata"  # Shanata
        "Shanta"  # Shanta
        "Shanti"  # Shanti
        "Shapa"  # Shapa
        "Sharada"  # Sharada
        "Sharama"  # Sharama
        "Sharvani"  # Sharvani
        "Shashi"  # Shashi
        "Shasti"  # Shasti
        "Shitala"  # Shitala
        "Shraddha"  # Shraddha
        "Shri"  # Shri
        "Shyla"  # Shyla
        "Sita"  # Sita
        "Sitara"  # Sitara
        "Sohalia"  # Sohalia
        "Soma"  # Soma
        "Subha"  # Subha
        "Suchi"  # Suchi
        "Sumana"  # Sumana
        "Sumitra"  # Sumitra
        "Sundari"  # Sundari
        "Sunila"  # Sunila
        "Supriya"  # Supriya
        "Sur"  # Sur
        "Sur"  # Sur
        "Tamanna"  # Tamanna
        "Tanaya"  # Tanaya
        "Tanika"  # Tanika
        "Tanuja"  # Tanuja
        "Tapati"  # Tapati
        "Tara"  # Tara
        "Taraka"  # Taraka
        "Tarala"  # Tarala
        "Tarannum"  # Tarannum
        "Tarika"  # Tarika
        "Tira"  # Tira
        "Tirtha"  # Tirtha
        "Trisha"  # Trisha
        "Trishna"  # Trishna
        "Trisna"  # Trisna
        "Triveni"  # Triveni
        "Tulsi"  # Tulsi
        "Uma"  # Uma
        "Umika"  # Umika
        "Upala"  # Upala
        "Ura"  # Ura
        "Urvi"  # Urvi
        "Usha"  # Usha
        "Ushas"  # Ushas
        "Uttara"  # Uttara
        "Vac"  # Vac
        "Vach"  # Vach
        "Vairocana"  # Vairocana
        "Vallari"  # Vallari
        "Vandana"  # Vandana
        "Varana"  # Varana
        "Varaza"  # Varaza
        "Varouna"  # Varouna
        "Varsha"  # Varsha
        "Varuna"  # Varuna
        "Varunani"  # Varunani
        "Vasanti"  # Vasanti
        "Vayu"  # Vayu
        "Vedas"  # Vedas
        "Vema"  # Vema
        "维贾雅"  # Vijaya
        "Vilina"  # Vilina
        "Vina"  # Vina
        "Vinata"  # Vinata
        "Vinaya"  # Vinaya
        "Vineeta"  # Vineeta
        "Viveka"  # Viveka
        "Vivika"  # Vivika
        "Yamuna"  # Yamuna
        "Yasiman"  # Yasiman
        "Yasmine"  # Yasmine
        "Yauvani"  # Yauvani
        "Zahra"  # Zahra
        "Zudora"  # Zudora
    }
    dynasty_names = {
        "Gautam"  # Gautam
        "Ajaka"  # Ajaka
        "Cedi"  # Cedi
        "Dasaratha"  # Dasaratha
        "Salisuka"  # Salisuka
        "Satadhanva"  # Satadhanva
        "Gahadvala"  # Gahadvala
        "Dhariwal"  # Dhariwal
        "Jethani"  # Jethani
        "Mansukhani"  # Mansukhani
        "Patiala"  # Patiala
        "Malhi"  # Malhi
        "Sohota"  # Sohota
        "Varman"  # Varman
        "Ayudha"  # Ayudha
        "Yadava"  # Yadava
        "Kuru"  # Kuru
        "Matsya"  # Matsya
        "Malayaketu"  # Malayaketu
        "Mana"  # Mana
        "Chanda"  # Chanda
        "Haihaya"  # Haihaya
        "赛拉瓦姆萨"  # Sailavamsa
        "Singara"  # Singara
        "Gopala"  # Gopala
        "Baghela"  # Baghela
        "Baland"  # Baland
        "Bundela"  # Bundela
        "Rajgond"  # Rajgond
        "Bhar"  # Bhar
        "Sonhat"  # Sonhat
        "Chaulukya"  # Chaulukya
        "Jadon"  # Jadon
        "Surasena"  # Surasena
        "Dahiya"  # Dahiya
        "Mir"  # Mir
        "Yayvapala"  # Yayvapala
        "Khichar"  # Khichar
        "Gahirawar"  # Gahirawar
        "Kalachuri"  # Kalachuri
    }
}