dravidian = {
    graphical_culture = indiangfx
    kannada = {
        primary = MYS
        dynasty_names = {
            "瓦迪亚尔"  # Wodeyar
            "桑迦摩"  # Sangama
            "沙鲁瓦"  # Saluva
            "图卢瓦"  # Tuluva
            "Alupa"  # Alupa
            "Keladi"  # Keladi
            "Ummattur"  # Ummattur
            "Chowta"  # Chowta
            "Vaidumba"  # Vaidumba
            "Chalukya"  # Chalukya
            "Sendraka"  # Sendraka
            "桑迦摩"  # Sangama
            "Kalachuri"  # Kalachuri
            "Hoysala"  # Hoysala
            "Wodeyar"  # Wodeyar
            "Ganga"  # Ganga
        }
        male_names = {
            "Yadu Raya"  # Yadu Raya
            "Châma Râja"  # Châma Râja
            "Timmaraja"  # Timmaraja
            "Chamaraja"  # Chamaraja
            "Bettada Devaraja"  # Bettada Devaraja
            "Raja Wadiyar"  # Raja Wadiyar
            "Immadai Raja"  # Immadai Raja
            "Kanthirava Narasaraja"  # Kanthirava Narasaraja
            "Chikkadevaraja"  # Chikkadevaraja
            "Krishnaraja"  # Krishnaraja
            "Narayanan"  # Narayanan
            "Lakshmisa"  # Lakshmisa
            "Singaraya"  # Singaraya
            "Chidananda"  # Chidananda
            "Mahesh"  # Mahesh
            "Manjunatha"  # Manjunatha
            "Mallappa"  # Mallappa
            "Murthy"  # Murthy
            "Ramachandra"  # Ramachandra
            "Tirumalevaidya"  # Tirumalevaidya
            "Lakshmisha"  # Lakshmisha
            "Venkayarya"  # Venkayarya
            "Achugi"  # Achugi
            "Adikavi"  # Adikavi
            "Ahavamalla"  # Ahavamalla
            "Amoghavarsha"  # Amoghavarsha
            "Anekonda"  # Anekonda
            "Asaga"  # Asaga
            "Avinita"  # Avinita
            "Ayanna"  # Ayanna
            "Bhuvikrama"  # Bhuvikrama
            "Bijjama"  # Bijjama
            "Bukka"  # Bukka
            "Butuga"  # Butuga
            "Chavundaraya"  # Chavundaraya
            "Dantidurga"  # Dantidurga
            "Dashavarman"  # Dashavarman
            "Dhruva"  # Dhruva
            "Durgasimha"  # Durgasimha
            "Durvinita"  # Durvinita
            "Ereganga"  # Ereganga
            "Ereyanga"  # Ereyanga
            "Gangaraja"  # Gangaraja
            "Gajankusha"  # Gajankusha
            "Gobburi"  # Gobburi
            "Govinda"  # Govinda
            "Hakka"  # Hakka
            "Harihara"  # Harihara
            "Harivarman"  # Harivarman
            "Indra"  # Indra
            "Jagadhekamalla"  # Jagadhekamalla
            "Jagaraya"  # Jagaraya
            "Jagattunga"  # Jagattunga
            "Jayasimha"  # Jayasimha
            "Jogama"  # Jogama
            "Kambarasa"  # Kambarasa
            "Kannama"  # Kannama
            "Karka"  # Karka
            "Khottiga"  # Khottiga
            "Kiriyasaga"  # Kiriyasaga
            "Kirtivarman"  # Kirtivarman
            "Konganivarman"  # Konganivarman
            "Krishna"  # Krishna
            "Madhava"  # Madhava
            "Madhura"  # Madhura
            "Mallikarjuna"  # Mallikarjuna
            "Mallugi"  # Mallugi
            "Mangalesi"  # Mangalesi
            "Marasimha"  # Marasimha
            "Marulaganga"  # Marulaganga
            "Mushkara"  # Mushkara
            "Narasanayaka"  # Narasanayaka
            "Narasimha"  # Narasimha
            "Neetimarga"  # Neetimarga
            "Nripakama"  # Nripakama
            "Permadi"  # Permadi
            "Permanadi"  # Permanadi
            "Polavira"  # Polavira
            "Praudharaya"  # Praudharaya
            "Pulakesi"  # Pulakesi
            "Purandaradasa"  # Purandaradasa
            "Rachamalla"  # Rachamalla
            "Ramachandra"  # Ramachandra
            "Ramadeva"  # Ramadeva
            "Ramaraya"  # Ramaraya
            "Sankama"  # Sankama
            "Satyasraya"  # Satyasraya
            "Sharva"  # Sharva
            "Shivamara"  # Shivamara
            "Singhana"  # Singhana
            "Somesvara"  # Somesvara
            "Sovideva"  # Sovideva
            "Sripadaraya"  # Sripadaraya
            "Sripurusha"  # Sripurusha
            "Sriranga"  # Sriranga
            "Srivikrama"  # Srivikrama
            "Tailapa"  # Tailapa
            "Thimma"  # Thimma
            "Tirumalaraya"  # Tirumalaraya
            "Uchita"  # Uchita
            "Venkatadri"  # Venkatadri
            "Venkatapathi"  # Venkatapathi
            "Vikramaditya"  # Vikramaditya
            "Vijayaditya"  # Vijayaditya
            "Vinayaditya"  # Vinayaditya
            "Viraballala"  # Viraballala
            "Viravijaya"  # Viravijaya
            "Virupaksha"  # Virupaksha
            "Vishnugopa"  # Vishnugopa
            "Vishnuvardhana"  # Vishnuvardhana
            "Yachama"  # Yachama
            "Yachamanedu"  # Yachamanedu
            "Achyutadeva"  # Achyutadeva
            "Krishnadevaraya"  # Krishnadevaraya
            "Sadashiva"  # Sadashiva
            "Vendakadri"  # Vendakadri
            "Viranarasimha"  # Viranarasimha
        }
        female_names = {
            "Akkadevi"  # Akkadevi
            "Bhavanaga"  # Bhavanaga
            "Bijjabbe"  # Bijjabbe
            "Chandaladevi"  # Chandaladevi
            "Chandrabbalabbe"  # Chandrabbalabbe
            "Gangambika"  # Gangambika
            "Hoysaladevi"  # Hoysaladevi
            "Kundakadevi"  # Kundakadevi
            "Lakshmi"  # Lakshmi
            "Mahadevi"  # Mahadevi
            "Mailaladevi"  # Mailaladevi
            "Obayamma"  # Obayamma
            "Pertal"  # Pertal
            "Revakanimmadi"  # Revakanimmadi
            "Shantaladevi"  # Shantaladevi
            "Vijamba"  # Vijamba
            "Chinnambike"  # Chinnambike
            "Thirumalambike"  # Thirumalambike
            "Sujaya"  # Sujaya
            "Lakshmi"  # Lakshmi
            "Chikka Krishna"  # Chikka Krishna
        }
    }
    malayalam = {
        primary = VND
        dynasty_names = {
            "Kolathiri"  # Kolathiri
            "Saamoothiri"  # Saamoothiri
            "Perumal"  # Perumal
            "Perumpadappu"  # Perumpadappu
            "Kulasekhara"  # Kulasekhara
            "Cheraman"  # Cheraman
        }
        male_names = {
            "Chera Udaya"  # Chera Udaya
            "Mootha"  # Mootha
            "Sri Vira Martanda"  # Sri Vira Martanda
            "Aditya"  # Aditya
            "Bala Rama"  # Bala Rama
            "Martanda"  # Martanda
            "Sri Vira"  # Sri Vira
            "Udaya Martanda"  # Udaya Martanda
            "Gouri Laksmi Bai"  # Gouri Laksmi Bai
            "Gouri Parvati Bai"  # Gouri Parvati Bai
            "Ravi"  # Ravi
            "Kotha Aditya"  # Kotha Aditya
            "Ravi Ravi"  # Ravi Ravi
            "Rama"  # Rama
            "Unni"  # Unni
            "Sri Vira Udaya"  # Sri Vira Udaya
            "Sri Vira"  # Sri Vira
            "Marthanda"  # Marthanda
            "Udaya"  # Udaya
            "Ravi"  # Ravi
            "Unni"  # Unni
            "Kallada"  # Kallada
            "Marthanda"  # Marthanda
            "Raman"  # Raman
            "Eman"  # Eman
            "Ramayyan"  # Ramayyan
            "Thiruvattar"  # Thiruvattar
            "Kodassery"  # Kodassery
            "Koratty"  # Koratty
        }
        female_names = {
            "Parvati Bai"  # Parvati Bai
            "Ummayama Rani"  # Ummayama Rani
            "Ummayama"  # Ummayama
            "Ghauri Lakshmi Bai"  # Ghauri Lakshmi Bai
            "Rani"  # Rani
            "Lakshmi"  # Lakshmi
            "Ghauri"  # Ghauri
            "Bai"  # Bai
            "Parvati"  # Parvati
        }
    }
    tamil = {
        primary = MAD
        dynasty_names = {
            "Saadatullahid"  # Saadatullahid
            "Anwarudid"  # Anwarudid
            "Pandya"  # Pandya
            "Thondaiman"  # Thondaiman
            "Thanjavuri"  # Thanjavuri
            "Sethupathy"  # Sethupathy
            "Saluva"  # Saluva
            "Thanjavur Mutharaiyar"  # Thanjavur Mutharaiyar
            "Udayagiri Mutharaiyar"  # Udayagiri Mutharaiyar
            "Simhapuri Mutharaiyar"  # Simhapuri Mutharaiyar
            "Ay"  # Ay
            "Pallava"  # Pallava
            "Chola"  # Chola
            "Pandya"  # Pandya
            "Chera"  # Chera
            "Aryacakravarti"  # Aryacakravarti
        }
        male_names = {
            "Vira Pandya"  # Vira Pandya
            "Narasa"  # Narasa
            "Tenna"  # Tenna
            "Naransa Pillai"  # Naransa Pillai
            "Kuru Kuru Timmappa"  # Kuru Kuru Timmappa
            "Kattyama Kamaiya"  # Kattyama Kamaiya
            "Cimappa"  # Cimappa
            "Ayyakarai Veyyapa"  # Ayyakarai Veyyapa
            "Vishvanatha"  # Vishvanatha
            "Krishnappa"  # Krishnappa
            "Virappa"  # Virappa
            "Muttu Krishnappa"  # Muttu Krishnappa
            "Muttu Virappa"  # Muttu Virappa
            "Tirumala"  # Tirumala
            "Chokkanatha"  # Chokkanatha
            "Muttu Linga"  # Muttu Linga
            "Vijayaranga Chokkanatha"  # Vijayaranga Chokkanatha
            "Minaski"  # Minaski
            "Yachama"  # Yachama
            "Raghunatha"  # Raghunatha
            "Ariyanatha"  # Ariyanatha
            "Chanda"  # Chanda
            "Ramayyan"  # Ramayyan
            "Shungrasoobyer"  # Shungrasoobyer
            "Seshayya"  # Seshayya
            "Ramaswami"  # Ramaswami
            "Amarapuyankan"  # Amarapuyankan
            "Amarabhujanga"  # Amarabhujanga
            "Aparâcita"  # Aparâcita
            "Aparajita"  # Aparajita
            "Aparâcitavarman"  # Aparâcitavarman
            "Aparajitavarman"  # Aparajitavarman
            "Appûtaiyân"  # Appûtaiyân
            "Arikêcari"  # Arikêcari
            "Arikesari"  # Arikesari
            "Ariñcaya"  # Ariñcaya
            "Arinjaya"  # Arinjaya
            "Arulmolitêvar"  # Arulmolitêvar
            "Arulmolivarman"  # Arulmolivarman
            "Atirâcêntira"  # Atirâcêntira
            "Athirajendra"  # Athirajendra
            "Atitta"  # Atitta
            "Aditya"  # Aditya
            "Avaniyâlappirantâr"  # Avaniyâlappirantâr
            "Avraaham"  # Avraaham
            "Abraham"  # Abraham
            "Brahmamârâyar"  # Brahmamârâyar
            "Cadayan"  # Cadayan
            "Cankili"  # Cankili
            "Cataiyavarman"  # Cataiyavarman
            "Sadayavarman"  # Sadayavarman
            "Catturukâlamakalâtittan"  # Catturukâlamakalâtittan
            "Cayantavarman"  # Cayantavarman
            "Jayantavarman"  # Jayantavarman
            "Celiyancentan"  # Celiyancentan
            "Cekarâcacêkaran"  # Cekarâcacêkaran
            "Segarajasekaran"  # Segarajasekaran
            "Cevakattevan"  # Cevakattevan
            "Ceyavîra"  # Ceyavîra
            "Chaacko"  # Chaacko
            "Jacob"  # Jacob
            "Chaandy"  # Chaandy
            "Alexander"  # Alexander
            "Cimmavisnu"  # Cimmavisnu
            "Simhavishnu"  # Simhavishnu
            "Cinkapâku"  # Cinkapâku
            "Singhabahu"  # Singhabahu
            "Civakkoluntân"  # Civakkoluntân
            "Cuntara"  # Cuntara
            "Sundara"  # Sundara
            "Câramutaiyân"  # Câramutaiyân
            "Câttanân"  # Câttanân
            "Cîvallapa"  # Cîvallapa
            "Seervallabha"  # Seervallabha
            "Cîvallapan"  # Cîvallapan
            "Seervallabhan"  # Seervallabhan
            "Daniyel"  # Daniyel
            "Daniel"  # Daniel
            "Eappen"  # Eappen
            "Stephen"  # Stephen
            "Eccavarâkan"  # Eccavarâkan
            "Eisow"  # Eisow
            "Jesus"  # Jesus
            "Impânâyarpattan"  # Impânâyarpattan
            "Irattapadikonda"  # Irattapadikonda
            "Irâcacimman"  # Irâcacimman
            "Rajasingan"  # Rajasingan
            "Irâcakecaripanmar"  # Irâcakecaripanmar
            "Irâcarâca"  # Irâcarâca
            "Rajaraja"  # Rajaraja
            "Irâcâcekara"  # Irâcâcekara
            "Rajasekhara"  # Rajasekhara
            "Irâcâtirâca"  # Irâcâtirâca
            "Rajadhiraja"  # Rajadhiraja
            "Irâcâtirâcatevar"  # Irâcâtirâcatevar
            "Irâcâtitta"  # Irâcâtitta
            "Rajaditya"  # Rajaditya
            "Irâcêntira"  # Irâcêntira
            "Rajendra"  # Rajendra
            "Ittac"  # Ittac
            "Isaac"  # Isaac
            "Iyob"  # Iyob
            "Job"  # Job
            "Kadarangkonda"  # Kadarangkonda
            "Kanakacûriya"  # Kanakacûriya
            "Kantarâtitta"  # Kantarâtitta
            "Gandarditya"  # Gandarditya
            "Karaikkiyemarrayilaiyân"  # Karaikkiyemarrayilaiyân
            "Karunandadakkan"  # Karunandadakkan
            "Karunandan"  # Karunandan
            "Katunkon"  # Katunkon
            "Kilân"  # Kilân
            "Kirâmarâcapattan"  # Kirâmarâcapattan
            "Kontân"  # Kontân
            "Kossy"  # Kossy
            "Joshua"  # Joshua
            "Kotukulapattan"  # Kotukulapattan
            "Kulacêkara"  # Kulacêkara
            "Kulasekhara"  # Kulasekhara
            "Kulacêkaran"  # Kulacêkaran
            "Kulasekharan"  # Kulasekharan
            "Kulôttunka"  # Kulôttunka
            "Kulothunga"  # Kulothunga
            "Kunapûsana"  # Kunapûsana
            "Kunavîra"  # Kunavîra
            "Kurian"  # Kurian
            "Cyrus"  # Cyrus
            "Kutameratiruvatikal"  # Kutameratiruvatikal
            "Kôpperuñcimman"  # Kôpperuñcimman
            "Kopperunchinga"  # Kopperunchinga
            "Lukose"  # Lukose
            "Luke"  # Luke
            "Makêntiravarman"  # Makêntiravarman
            "Mahendravarman"  # Mahendravarman
            "Manappâkkîlan"  # Manappâkkîlan
            "Manavâlapperumâl"  # Manavâlapperumâl
            "Munnûrruvappattan"  # Munnûrruvappattan
            "Mâmpâkkamutaiyân"  # Mâmpâkkamutaiyân
            "Mânaticcuran"  # Mânaticcuran
            "Mârapanmar"  # Mârapanmar
            "Mâravarman"  # Mâravarman
            "Maravarman"  # Maravarman
            "Mârkantaiyan"  # Mârkantaiyan
            "Markose"  # Markose
            "Marcus"  # Marcus
            "Mâtevapattan"  # Mâtevapattan
            "Mâtevipattan"  # Mâtevipattan
            "Nantivarman"  # Nantivarman
            "Nandivarman"  # Nandivarman
            "Naracimmavarman"  # Naracimmavarman
            "Narasimhavarman"  # Narasimhavarman
            "Nirupatunkavarman"  # Nirupatunkavarman
            "Nirupatonkavarman"  # Nirupatonkavarman
            "Niyâyaparipâlapattan"  # Niyâyaparipâlapattan
            "Nârpattennâyirapattan"  # Nârpattennâyirapattan
            "Nâtittañcâttan"  # Nâtittañcâttan
            "Pantâram"  # Pantâram
            "Pandaram"  # Pandaram
            "Parakesaripanmar"  # Parakesaripanmar
            "Paramêsvaravarman"  # Paramêsvaravarman
            "Parameswaravarman"  # Parameswaravarman
            "Paranirupacinkam"  # Paranirupacinkam
            "Paranirupasingham"  # Paranirupasingham
            "Pararâcacêkaran"  # Pararâcacêkaran
            "Pararajasekharan"  # Pararajasekharan
            "Parâkkirama"  # Parâkkirama
            "Parakrama"  # Parakrama
            "Parânkucan"  # Parânkucan
            "Parankusan"  # Parankusan
            "Parântaka"  # Parântaka
            "Parantaka"  # Parantaka
            "Pathrose"  # Pathrose
            "Peter"  # Peter
            "Pañcavan"  # Pañcavan
            "Paulose"  # Paulose
            "Paul"  # Paul
            "Periyapillai"  # Periyapillai
            "Perumâl"  # Perumâl
            "Peruñcintevar"  # Peruñcintevar
            "Piramârâyan"  # Piramârâyan
            "Piyliypaos"  # Piyliypaos
            "Philip"  # Philip
            "Puvirâca"  # Puvirâca
            "Puviraja"  # Puviraja
            "Pâkkilân"  # Pâkkilân
            "Pâlarâvâyan"  # Pâlarâvâyan
            "Ranatitta"  # Ranatitta
            "Ranaditya"  # Ranaditya
            "Ranatîran"  # Ranatîran
            "Ranadhiran"  # Ranadhiran
            "Ravivarman"  # Ravivarman
            "Samuel"  # Samuel
            "Samuel"  # Samuel
            "Tantivarman"  # Tantivarman
            "Dantivarman"  # Dantivarman
            "Tennavan"  # Tennavan
            "Thoma"  # Thoma
            "Thomas"  # Thomas
            "Tiruccirrampalapattan"  # Tiruccirrampalapattan
            "Tirunattapperumâl"  # Tirunattapperumâl
            "Tirupuvanavîratevar"  # Tirupuvanavîratevar
            "Tripuvanacakkaravattikal"  # Tripuvanacakkaravattikal
            "Uravâkkinân"  # Uravâkkinân
            "Utaiya"  # Utaiya
            "Udaya"  # Udaya
            "Uttama"  # Uttama
            "Varakunan"  # Varakunan
            "Varagunan"  # Varagunan
            "Varakunavarman"  # Varakunavarman
            "Varagunavarman"  # Varagunavarman
            "Varôtaya"  # Varôtaya
            "Varughese"  # Varughese
            "George"  # George
            "Vellantânkinân"  # Vellantânkinân
            "Vicayâlaya"  # Vicayâlaya
            "Vijayalaya"  # Vijayalaya
            "Vicayâraka"  # Vicayâraka
            "Vijayaraga"  # Vijayaraga
            "Vicayâtitta"  # Vicayâtitta
            "Vijayaditya"  # Vijayaditya
            "Vikkirama"  # Vikkirama
            "Vikramâtittâ"  # Vikramâtittâ
            "Vikramaditya"  # Vikramaditya
            "Viranârâyanapattan"  # Viranârâyanapattan
            "Virâcakecaripanmar"  # Virâcakecaripanmar
            "Vîracêkara"  # Vîracêkara
            "Virasekhara"  # Virasekhara
            "Vîrakêcari"  # Vîrakêcari
            "Virakhesari"  # Virakhesari
            "Vîrarâcêntira"  # Vîrarâcêntira
            "Virarajendra"  # Virarajendra
            "Vîrôtaya"  # Vîrôtaya
            "Virodaya"  # Virodaya
            "Yohannaan"  # Yohannaan
            "John"  # John
            "Yosef"  # Yosef
            "Joseph"  # Joseph
            "Zacharria"  # Zacharria
            "Zachariah"  # Zachariah
            "Âccinataratippan"  # Âccinataratippan
            "Ânûrrenmanpiccan"  # Ânûrrenmanpiccan
            "Âyirattalipattan"  # Âyirattalipattan
        }
        female_names = {
            "Aaleyaamma"  # Aaleyaamma
            "Elizabeth"  # Elizabeth
            "Accamma"  # Accamma
            "Rebecca"  # Rebecca
            "Accattêvi"  # Accattêvi
            "Annamma"  # Annamma
            "Anna"  # Anna
            "Aiyyârratikal"  # Aiyyârratikal
            "Akkâranankayâr"  # Akkâranankayâr
            "Amittiravalli"  # Amittiravalli
            "Ammaiyâlvi"  # Ammaiyâlvi
            "Ammakkanâr"  # Ammakkanâr
            "Ammankâtêvi"  # Ammankâtêvi
            "Ammangadevi"  # Ammangadevi
            "Ankâti"  # Ankâti
            "Aramutaiyâl"  # Aramutaiyâl
            "Aricukâti"  # Aricukâti
            "Ariyapillai"  # Ariyapillai
            "Ariñcikai"  # Ariñcikai
            "Ariñcikaipirâtti"  # Ariñcikaipirâtti
            "Ariñcikaippirâttiyâr"  # Ariñcikaippirâttiyâr
            "Arulmolinankaiyâr"  # Arulmolinankaiyâr
            "Aruvanki"  # Aruvanki
            "Atavallâl"  # Atavallâl
            "Atittapatâriyâr"  # Atittapatâriyâr
            "Atittapitâri"  # Atittapitâri
            "Atittapitâriyâr"  # Atittapitâriyâr
            "Atticapitâriyâr"  # Atticapitâriyâr
            "Avutaiyâlccâni"  # Avutaiyâlccâni
            "Cankâni"  # Cankâni
            "Cantirâdêvi"  # Cantirâdêvi
            "Cenkulam"  # Cenkulam
            "Ceyyacôlam"  # Ceyyacôlam
            "Ceyyavâymani"  # Ceyyavâymani
            "Civatêvi"  # Civatêvi
            "Civallapatevi"  # Civallapatevi
            "Corappaiyâr"  # Corappaiyâr
            "Câmuntappai"  # Câmuntappai
            "Cêramankai"  # Cêramankai
            "Côlamâtêvi"  # Côlamâtêvi
            "Eccumantai"  # Eccumantai
            "Eluvanai"  # Eluvanai
            "Eluvattûr"  # Eluvattûr
            "Etuttapâtam"  # Etuttapâtam
            "Irâcinkam"  # Irâcinkam
            "Irâcâticci"  # Irâcâticci
            "Irâcacuntari"  # Irâcacuntari
            "Kalacci"  # Kalacci
            "Kalicci"  # Kalicci
            "Kanavati"  # Kanavati
            "Kannapparaciyâr"  # Kannapparaciyâr
            "Kantiyûr"  # Kantiyûr
            "Kariyamâtêvi"  # Kariyamâtêvi
            "Karumânikkam"  # Karumânikkam
            "Kaucalaiyâr"  # Kaucalaiyâr
            "Kavatiyakkan"  # Kavatiyakkan
            "Kañciakkan"  # Kañciakkan
            "Kutitânkinâl"  # Kutitânkinâl
            "Kuñcaramalli"  # Kuñcaramalli
            "Kuñciramalli"  # Kuñciramalli
            "Kâmuttiri"  # Kâmuttiri
            "Kâraikkâl"  # Kâraikkâl
            "Kôkilânadigal"  # Kôkilânadigal
            "Kôlâliyâr"  # Kôlâliyâr
            "Kômalavalli"  # Kômalavalli
            "Kôyinâccipitâriyâr"  # Kôyinâccipitâriyâr
            "Kûrrantêvi"  # Kûrrantêvi
            "Kûttâtunâcci"  # Kûttâtunâcci
            "Mahâdeviyâr"  # Mahâdeviyâr
            "Malaiyamân"  # Malaiyamân
            "Malapâti"  # Malapâti
            "Maraikkâtu"  # Maraikkâtu
            "Mañcavi"  # Mañcavi
            "Mânikkam"  # Mânikkam
            "Mariamma"  # Mariamma
            "MariMâtêvatikal"  # MariMâtêvatikal
            "Mâtêvatikalâr"  # Mâtêvatikalâr
            "Nakarattâl"  # Nakarattâl
            "Naltêviyâr"  # Naltêviyâr
            "Namaiyâr"  # Namaiyâr
            "Nankaiyâr"  # Nankaiyâr
            "Nantirinankai"  # Nantirinankai
            "Netuntukkai"  # Netuntukkai
            "Nilammai"  # Nilammai
            "Nimmatikal"  # Nimmatikal
            "Nâcci"  # Nâcci
            "Nâcciyâlvi"  # Nâcciyâlvi
            "Nârani"  # Nârani
            "Nârâyani"  # Nârâyani
            "Nâñcûri"  # Nâñcûri
            "Nîlakanti"  # Nîlakanti
            "Nîliyâr"  # Nîliyâr
            "Olimatiyâr"  # Olimatiyâr
            "Orriâlvi"  # Orriâlvi
            "Pavitram"  # Pavitram
            "Pennaraciyâr"  # Pennaraciyâr
            "Peranankai"  # Peranankai
            "Periyanâcci"  # Periyanâcci
            "Perrappai"  # Perrappai
            "Pillayâlvi"  # Pillayâlvi
            "Piramaccâni"  # Piramaccâni
            "Piratamâtevi"  # Piratamâtevi
            "Pirriccâni"  # Pirriccâni
            "Pollâtapillai"  # Pollâtapillai
            "Pommavâyi"  # Pommavâyi
            "Ponnampalattatikalâr"  # Ponnampalattatikalâr
            "Punniyavâtti"  # Punniyavâtti
            "Pûvânti"  # Pûvânti
            "Raahelamma"  # Raahelamma
            "Rachel"  # Rachel
            "Râcatêviyâr"  # Râcatêviyâr
            "Râcakêcari"  # Râcakêcari
            "Sâmavâyi"  # Sâmavâyi
            "Saramma"  # Saramma
            "Sarah"  # Sarah
            "Sosamma"  # Sosamma
            "Susan"  # Susan
            "Taturântakiyâr"  # Taturântakiyâr
            "Tavañceytâl"  # Tavañceytâl
            "Tayânitiyâr"  # Tayânitiyâr
            "Thresiamma"  # Thresiamma
            "Teresa"  # Teresa
            "Tirumûlattânam"  # Tirumûlattânam
            "Tiruvaranki"  # Tiruvaranki
            "Tiruvennâval"  # Tiruvennâval
            "Tiruvânaikkâvi"  # Tiruvânaikkâvi
            "Tiruvênkatam"  # Tiruvênkatam
            "Tunaiyiruntâlcâni"  # Tunaiyiruntâlcâni
            "Tânatonkiyâr"  # Tânatonkiyâr
            "Têcappukal"  # Têcappukal
            "Têmpâvai"  # Têmpâvai
            "Têvânrâl"  # Têvânrâl
            "Tûnkânai"  # Tûnkânai
            "Umaiyâlvâr"  # Umaiyâlvâr
            "Utaiyaval"  # Utaiyaval
            "Utaiyañceytâl"  # Utaiyañceytâl
            "Vaccavaiyâr"  # Vaccavaiyâr
            "Varakuni"  # Varakuni
            "Vatavâyil"  # Vatavâyil
            "Venankai"  # Venankai
            "Vennâval"  # Vennâval
            "Vicciyakkan"  # Vicciyakkan
            "Viccâtiri"  # Viccâtiri
            "Vikkiramâtitti"  # Vikkiramâtitti
            "Viraiyâccilai"  # Viraiyâccilai
            "Vitari"  # Vitari
            "Vânavanmâtêvi"  # Vânavanmâtêvi
            "Mangammal"  # Mangammal
            "Meenakshi"  # Meenakshi
            "Velunatchiyar"  # Velunatchiyar
        }
    }
    telegu = {
        primary = GOC
        dynasty_names = {
            "Aravidu"  # Aravidu
            "Talpura"  # Talpura
            "Velama"  # Velama
            "Saluva"  # Saluva
            "Tuluva"  # Tuluva
            "Sangama"  # Sangama
            "Pemmasani"  # Pemmasani
            "Tupakula"  # Tupakula
            "Nanduri"  # Nanduri
            "Chalukya"  # Chalukya
            "Pattavardhani"  # Pattavardhani
            "Chola"  # Chola
        }
        male_names = {
            "Quli"  # Quli
            "Jamshid"  # Jamshid
            "Subhan Quli"  # Subhan Quli
            "Ibrahim"  # Ibrahim
            "Muhammed Quli"  # Muhammed Quli
            "Muhammed"  # Muhammed
            "'Abdullah"  # 'Abdullah
            "Abul'l-Hassan"  # Abul'l-Hassan
            "Kabir"  # Kabir
            "Mir Musa"  # Mir Musa
            "Quli Sultan"  # Quli Sultan
            "Mahmud Gawan"  # Mahmud Gawan
            "Sayid Hanif"  # Sayid Hanif
            "Imad al-Mulk"  # Imad al-Mulk
            "Saif Allah"  # Saif Allah
            "Iftikhar al-Mulk"  # Iftikhar al-Mulk
            "Mir Abu'l-Qasim"  # Mir Abu'l-Qasim
            "Ubbaid Allah"  # Ubbaid Allah
            "Sayid Nasir al-Din"  # Sayid Nasir al-Din
            "Shah Khalil Allah"  # Shah Khalil Allah
            "Mullah Qutb al-Din"  # Mullah Qutb al-Din
            "Abd Allah"  # Abd Allah
            "Rustam Khan"  # Rustam Khan
            "Mir Shams al-Din"  # Mir Shams al-Din
            "Qasim Beg"  # Qasim Beg
            "Khwaja Imad al-Din"  # Khwaja Imad al-Din
            "Mir Ali"  # Mir Ali
            "Khusrau"  # Khusrau
            "Daud Khan"  # Daud Khan
            "Mujahid"  # Mujahid
            "Quazi Siraj-ud-din"  # Quazi Siraj-ud-din
            "Fulad Khan"  # Fulad Khan
            "Jamal-ud-din"  # Jamal-ud-din
            "Abdul"  # Abdul
            "Malik"  # Malik
            "Ala-ud-din"  # Ala-ud-din
            "Malik-ut-Tujjar"  # Malik-ut-Tujjar
            "Sikandar"  # Sikandar
            "Hakim"  # Hakim
            "Allada"  # Allada
            "Allayavema"  # Allayavema
            "Amma"  # Amma
            "Ammaraja"  # Ammaraja
            "Anavema"  # Anavema
            "Anavota"  # Anavota
            "Ayyapayya"  # Ayyapayya
            "Baladitya"  # Baladitya
            "Ballaladeva"  # Ballaladeva
            "Beta"  # Beta
            "Bhima"  # Bhima
            "Bhandanaditya"  # Bhandanaditya
            "Chennappa"  # Chennappa
            "Danamava"  # Danamava
            "Devanayaka"  # Devanayaka
            "Durgaraja"  # Durgaraja
            "Ganapathideva"  # Ganapathideva
            "Ganapathinayaka"  # Ganapathinayaka
            "Indrabhattaraka"  # Indrabhattaraka
            "Jayasimha"  # Jayasimha
            "Kaapayanayaka"  # Kaapayanayaka
            "Kadeyaraja"  # Kadeyaraja
            "Kalakampa"  # Kalakampa
            "Kammanayaka"  # Kammanayaka
            "Katayavema"  # Katayavema
            "Kumaragiri"  # Kumaragiri
            "Kubjavishnuvardhana"  # Kubjavishnuvardhana
            "Mahadeva"  # Mahadeva
            "Mahakala"  # Mahakala
            "Mangiyuvaraja"  # Mangiyuvaraja
            "Mallapa"  # Mallapa
            "Nachana"  # Nachana
            "Narendra"  # Narendra
            "Niravadyadhavala"  # Niravadyadhavala
            "Nrpakama"  # Nrpakama
            "Pandaranga"  # Pandaranga
            "Prataparudra"  # Prataparudra
            "Prola"  # Prola
            "Prolayanayak"  # Prolayanayak
            "Prolayavema"  # Prolayavema
            "Prthiviyaraja"  # Prthiviyaraja
            "Rajanayaka"  # Rajanayaka
            "Rajaraja"  # Rajaraja
            "楼陀罗提婆"  # Rudradeva
            "Saktivarman"  # Saktivarman
            "Singamanayaka"  # Singamanayaka
            "Somaditya"  # Somaditya
            "Vengabhupathi"  # Vengabhupathi
            "Vijayaditya"  # Vijayaditya
            "Vimaladitya"  # Vimaladitya
            "Virabhadra"  # Virabhadra
            "Vishnuvardhana"  # Vishnuvardhana
            "Yuddamalla"  # Yuddamalla
            "Yuddamalla"  # Yuddamalla
            "Yuddhamalla"  # Yuddhamalla
            "Yuddamalla"  # Yuddamalla
        }
        female_names = {
            "Anitalli"  # Anitalli
            "Chamekamba"  # Chamekamba
            "Chandena"  # Chandena
            "Chellava"  # Chellava
            "Gamakamba"  # Gamakamba
            "Hariharamba"  # Hariharamba
            "Nagipoti"  # Nagipoti
            "Pammava"  # Pammava
            "律陀兰婆"  # Rudramba
            "律陀罗摩提毗"  # Rudramadevi
            "Srimahadevi"  # Srimahadevi
            "Tundaka"  # Tundaka
            "Bashirunissa"  # Bashirunissa
            "Umda"  # Umda
            "Samiya"  # Samiya
            "Dawudunissa"  # Dawudunissa
        }
    }
}