central_indic = {
    graphical_culture = indiangfx
    gondi = {
        primary = GDW
        dynasty_names = {
            "Chanda"  # Chanda
            "Raj Gondi"  # Raj Gondi
            "Kherli"  # Kherli
            "Deogadhi"  # Deogadhi
            "Ballar Sahi"  # Ballar Sahi
            "Haihaya"  # Haihaya
            "Gadhi"  # Gadhi
        }
        male_names = {
            "Narsingh Rai"  # Narsingh Rai
            "Arjuna Simha"  # Arjuna Simha
            "Sangrama Simha"  # Sangrama Simha
            "Daipat Simha"  # Daipat Simha
            "Vir Narayana"  # Vir Narayana
            "Chandra Sahi"  # Chandra Sahi
            "Hirde"  # Hirde
            "Madhukara Sahi"  # Madhukara Sahi
            "Dhundya Ram Sah"  # Dhundya Ram Sah
            "Krasna Sah"  # Krasna Sah
            "Bir Sah"  # Bir Sah
            "Hiradi"  # Hiradi
            "Ram Sah"  # Ram Sah
            "Nilkanth Sah"  # Nilkanth Sah
            "Chanda"  # Chanda
            "Bahkt Buland"  # Bahkt Buland
            "Bhuma"  # Bhuma
            "Lokba"  # Lokba
            "Babji"  # Babji
            "Dhundya"  # Dhundya
            "Kondya"  # Kondya
            "Ram"  # Ram
            "Krasna"  # Krasna
        }
        female_names = {
            "Durgavati"  # Durgavati
            "Hirai"  # Hirai
            "Ratna Kuvar"  # Ratna Kuvar
        }
    }
    garjati = {
        primary = GRJ
        dynasty_names = {
            "Nagavamsi"  # Nagavamsi
            "Sankara"  # Sankara
            "Bhuyavamsha"  # Bhuyavamsha
            "Gangabansi"  # Gangabansi
            "Bhanja"  # Bhanja
            "Karan"  # Karan
            "Keshari"  # Keshari
            "Suryavanshi"  # Suryavanshi
            "Baghal"  # Baghal
        }
        male_names = {
            "Haria"  # Haria
            "Jugasai"  # Jugasai
            "Pratapnayan"  # Pratapnayan
            "Harirudra"  # Harirudra
            "Anku"  # Anku
            "Raghunath"  # Raghunath
            "Biswambhar"  # Biswambhar
            "Raisingh"  # Raisingh
            "Dusmant"  # Dusmant
            "Pratap Deo"  # Pratap Deo
            "Padman"  # Padman
            "Khadag Rai"  # Khadag Rai
            "Yuvaraj"  # Yuvaraj
            "Birabar"  # Birabar
            "Harichandra"  # Harichandra
            "Gopinath"  # Gopinath
            "Raghuraj"  # Raghuraj
            "Haria"  # Haria
            "Bishwanath"  # Bishwanath
            "Rai"  # Rai
            "Sunder"  # Sunder
            "Krishna"  # Krishna
            "Barman"  # Barman
            "Biwarta"  # Biwarta
            "Jagannath"  # Jagannath
            "Narayana"  # Narayana
            "Bebarta"  # Bebarta
            "Chandra"  # Chandra
            "Damodar"  # Damodar
            "Jadunath"  # Jadunath
            "Pradeep"  # Pradeep
        }
        female_names = {
            "Giriraj"  # Giriraj
            "Suratarangini Devi"  # Suratarangini Devi
            "Malavika Devi"  # Malavika Devi
        }
    }
    jharkhandi = {
        primary = NGP
        dynasty_names = {
            "Porohat"  # Porohat
            "Nagavamsi"  # Nagavamsi
            "Raksel"  # Raksel
            "Munda"  # Munda
            "Ho"  # Ho
            "Bhuiyan"  # Bhuiyan
        }
        male_names = {
            "Maharato"  # Maharato
            "Madhu Singh"  # Madhu Singh
            "Durjan Sal"  # Durjan Sal
            "Anant"  # Anant
            "Medini"  # Medini
            "Pratap"  # Pratap
            "Narendra Rudra"  # Narendra Rudra
            "Jaswant Singh"  # Jaswant Singh
            "Bahadur Singh"  # Bahadur Singh
            "Sheo Singh"  # Sheo Singh
            "Ajit Singh"  # Ajit Singh
            "Balbhadra Singh"  # Balbhadra Singh
        }
        female_names = {
            "Durgavati"  # Durgavati
            "Hirai"  # Hirai
            "Ratna Kuvar"  # Ratna Kuvar
        }
    }
    female_names = {
        "Abha"  # Abha
        "Abhilasha"  # Abhilasha
        "Aditi"  # Aditi
        "Aishwarya"  # Aishwarya
        "Akanksha"  # Akanksha
        "Amala"  # Amala
        "Amita"  # Amita
        "Amit"  # Amit
        "Amrita"  # Amrita
        "Amrit"  # Amrit
        "Ananda"  # Ananda
        "Anand"  # Anand
        "Anandi"  # Anandi
        "Anand"  # Anand
        "Ananta"  # Ananta
        "Anantha"  # Anantha
        "Ananta"  # Ananta
        "Anika"  # Anika
        "Anik"  # Anik
        "Anila"  # Anila
        "Anil"  # Anil
        "Anima"  # Anima
        "Anita"  # Anita
        "Anit"  # Anit
        "Anjali"  # Anjali
        "Ankita"  # Ankita
        "Anuja"  # Anuja
        "Anuj"  # Anuj
        "Anupama"  # Anupama
        "Anupam"  # Anupam
        "Aparajita"  # Aparajita
        "Aradhana"  # Aradhana
        "Archana"  # Archana
        "Arundhati"  # Arundhati
        "Arya"  # Arya
        "Asha"  # Asha
        "Avani"  # Avani
        "Avanti"  # Avanti
        "Bala"  # Bala
        "Chanda"  # Chanda
        "Chandana"  # Chandana
        "Chandan"  # Chandan
        "Chandra"  # Chandra
        "Chandrakanta"  # Chandrakanta
        "Chandrakant"  # Chandrakant
        "Chetana"  # Chetana
        "Chetan"  # Chetan
        "Damayanti"  # Damayanti
        "Darshana"  # Darshana
        "Deepali"  # Deepali
        "Dipali"  # Dipali
        "Deepti"  # Deepti
        "Dipti"  # Dipti
        "Devi"  # Devi
        "Devika"  # Devika
        "Dipali"  # Dipali
        "Dipika"  # Dipika
        "Dipti"  # Dipti
        "Divya"  # Divya
        "Draupadi"  # Draupadi
        "Drupada"  # Drupada
        "Drishti"  # Drishti
        "Durga"  # Durga
        "Esha"  # Esha
        "Gauri"  # Gauri
        "Gita"  # Gita
        "Gowri"  # Gowri
        "Gauri"  # Gauri
        "Gulshanpu"  # Gulshanpu
        "Golshan"  # Golshan
        "Ila"  # Ila
        "Inderjitp"  # Inderjitp
        "Pindrajit"  # Pindrajit
        "Indira"  # Indira
        "Indrani"  # Indrani
        "Indra"  # Indra
        "Indu"  # Indu
        "Ihindra"  # Ihindra
        "Jaswinderp"  # Jaswinderp
        "Jaya"  # Jaya
        "Jayanti"  # Jayanti
        "Jayanta"  # Jayanta
        "Jayashri"  # Jayashri
        "Jyothi"  # Jyothi
        "Jyoti"  # Jyoti
        "Jyotsana"  # Jyotsana
        "Jyotsna"  # Jyotsna
        "Kajal"  # Kajal
        "Kala"  # Kala
        "Kali"  # Kali
        "Kalpana"  # Kalpana
        "Kalyani"  # Kalyani
        "Kalyan"  # Kalyan
        "Kamala"  # Kamala
        "Kamini"  # Kamini
        "Kanchana"  # Kanchana
        "Kanta"  # Kanta
        "Kanti"  # Kanti
        "Karishma"  # Karishma
        "Kashi"  # Kashi
        "Kasi"  # Kasi
        "Kashi"  # Kashi
        "Kaur"  # Kaur
        "Kausalya"  # Kausalya
        "Kaveri"  # Kaveri
        "Kri"  # Kri
        "Kavita"  # Kavita
        "Kiran"  # Kiran
        "Kirtida"  # Kirtida
        "Kishori"  # Kishori
        "Kishor"  # Kishor
        "Kshitija"  # Kshitija
        "Kshitij"  # Kshitij
        "Kumari"  # Kumari
        "Kumara"  # Kumara
        "Kunti"  # Kunti
        "Lakshmi"  # Lakshmi
        "Lalita"  # Lalita
        "Lata"  # Lata
        "Lavanya"  # Lavanya
        "Laxmi"  # Laxmi
        "Lakshmi"  # Lakshmi
        "Leela"  # Leela
        "Lila"  # Lila
        "Lila"  # Lila
        "Lilavati"  # Lilavati
        "Lina"  # Lina
        "Lochana"  # Lochana
        "Lochan"  # Lochan
        "Madhavi"  # Madhavi
        "Madhava"  # Madhava
        "Madhu"  # Madhu
        "Madhur"  # Madhur
        "Madhuri"  # Madhuri
        "Mala"  # Mala
        "Malati"  # Malati
        "Malini"  # Malini
        "Mandeepp"  # Mandeepp
        "Manisha"  # Manisha
        "Manju"  # Manju
        "Manjula"  # Manjula
        "Manjusha"  # Manjusha
        "Maya"  # Maya
        "Meena"  # Meena
        "Mina"  # Mina
        "Meera"  # Meera
        "Mira"  # Mira
        "Mina"  # Mina
        "Minali"  # Minali
        "Mira"  # Mira
        "Mitra"  # Mitra
        "Mithra"  # Mithra
        "Mohana"  # Mohana
        "Mohini"  # Mohini
        "Mridula"  # Mridula
        "Mukta"  # Mukta
        "Nalini"  # Nalini
        "Nandita"  # Nandita
        "Neela"  # Neela
        "Nila"  # Nila
        "Neelam"  # Neelam
        "Nilam"  # Nilam
        "Neha"  # Neha
        "Niketa"  # Niketa
        "Nikita"  # Nikita
        "Nikhila"  # Nikhila
        "Nikhil"  # Nikhil
        "Nikita"  # Nikita
        "Nila"  # Nila
        "Nilam"  # Nilam
        "Nilima"  # Nilima
        "Nirmalai"  # Nirmalai
        "Nirupama"  # Nirupama
        "Nisha"  # Nisha
        "Nithya"  # Nithya
        "Nitya"  # Nitya
        "Nitika"  # Nitika
        "Nitya"  # Nitya
        "Padma"  # Padma
        "Padmavati"  # Padmavati
        "Padmini"  # Padmini
        "Pallavi"  # Pallavi
        "Pallav"  # Pallav
        "Parvati"  # Parvati
        "Poornima"  # Poornima
        "Purnima"  # Purnima
        "Pratibha"  # Pratibha
        "Pratima"  # Pratima
        "Preeti"  # Preeti
        "Priti"  # Priti
        "Prema"  # Prema
        "Prem"  # Prem
        "Pritha"  # Pritha
        "Priti"  # Priti
        "Priya"  # Priya
        "Purnima"  # Purnima
        "Pushpa"  # Pushpa
        "Rachana"  # Rachana
        "Rachna"  # Rachna
        "Rachana"  # Rachana
        "Radha"  # Radha
        "Rajani"  # Rajani
        "Rajkumari"  # Rajkumari
        "Rajni"  # Rajni
        "Rani"  # Rani
        "Rashmi"  # Rashmi
        "Rati"  # Rati
        "Ratna"  # Ratna
        "Ravinderp"  # Ravinderp
        "Pravindra"  # Pravindra
        "Reena"  # Reena
        "Rina"  # Rina
        "Reshmi"  # Reshmi
        "Reva"  # Reva
        "Rina"  # Rina
        "Ritika"  # Ritika
        "Riya"  # Riya
        "Roshanp"  # Roshanp
        "Roshanarap"  # Roshanarap
        "Roshnip"  # Roshnip
        "Rukmini"  # Rukmini
        "Rupinderp"  # Rupinderp
        "Sandhya"  # Sandhya
        "Sanjana"  # Sanjana
        "Sarala"  # Sarala
        "Saral"  # Saral
        "Saraswati"  # Saraswati
        "Sarika"  # Sarika
        "Sarita"  # Sarita
        "Sashi"  # Sashi
        "Shashi"  # Shashi
        "Sati"  # Sati
        "Savitri"  # Savitri
        "Seema"  # Seema
        "Sima"  # Sima
        "Seeta"  # Seeta
        "Sita"  # Sita
        "Seetha"  # Seetha
        "Sita"  # Sita
        "Shailaja"  # Shailaja
        "Shakti"  # Shakti
        "Shakuntala"  # Shakuntala
        "Shanta"  # Shanta
        "Shanthi"  # Shanthi
        "Sshanti"  # Sshanti
        "Shanti"  # Shanti
        "Sharmila"  # Sharmila
        "Shashi"  # Shashi
        "Sheela"  # Sheela
        "Shila"  # Shila
        "Shila"  # Shila
        "Shivali"  # Shivali
        "Shiva"  # Shiva
        "Shobha"  # Shobha
        "Shreya"  # Shreya
        "Shri"  # Shri
        "Shweta"  # Shweta
        "Shyama"  # Shyama
        "Shyamala"  # Shyamala
        "Shyamal"  # Shyamal
        "Siddhi"  # Siddhi
        "Sima"  # Sima
        "Sita"  # Sita
        "Sitara"  # Sitara
        "Sona"  # Sona
        "Sonal"  # Sonal
        "Sri"  # Sri
        "Shri"  # Shri
        "Sudarshana"  # Sudarshana
        "Sudarshan"  # Sudarshan
        "Sulabha"  # Sulabha
        "Sumati"  # Sumati
        "Sunita"  # Sunita
        "Sunitha"  # Sunitha
        "Suniti"  # Suniti
        "Susheela"  # Susheela
        "Sushila"  # Sushila
        "Sushila"  # Sushila
        "Swapna"  # Swapna
        "Swarna"  # Swarna
        "Swati"  # Swati
        "Tara"  # Tara
        "Trishna"  # Trishna
        "Uma"  # Uma
        "Upasana"  # Upasana
        "Urvi"  # Urvi
        "Usha"  # Usha
        "Ushas"  # Ushas
        "Usha"  # Usha
        "Vasanti"  # Vasanti
        "Vasanta"  # Vasanta
        "Vasuda"  # Vasuda
        "Vasudha"  # Vasudha
        "Vasundhara"  # Vasundhara
        "Veda"  # Veda
        "Vena"  # Vena
        "Vidya"  # Vidya
        "Vijaya"  # Vijaya
        "Vimala"  # Vimala
        "Vimal"  # Vimal
        "Vina"  # Vina
        "Yami"  # Yami
        "Yamuna"  # Yamuna
        "Yami"  # Yami
    }
    male_names = {
        "Abhay"  # Abhay
        "Aditya"  # Aditya
        "Aditi"  # Aditi
        "Agni"  # Agni
        "Ajeet"  # Ajeet
        "Vajit"  # Vajit
        "Ajit"  # Ajit
        "Ajith"  # Ajith
        "Vajit"  # Vajit
        "Akash"  # Akash
        "Akhil"  # Akhil
        "Amar"  # Amar
        "Amit"  # Amit
        "Amitabh"  # Amitabh
        "Amrit"  # Amrit
        "Anand"  # Anand
        "Ananta"  # Ananta
        "Ananth"  # Ananth
        "Ananta"  # Ananta
        "Anantha"  # Anantha
        "Vananta"  # Vananta
        "Anik"  # Anik
        "Anil"  # Anil
        "Aniruddha"  # Aniruddha
        "Anish"  # Anish
        "Anit"  # Anit
        "Ankur"  # Ankur
        "Anuj"  # Anuj
        "Anupam"  # Anupam
        "Aravind"  # Aravind
        "Aravinda"  # Aravinda
        "Varavind"  # Varavind
        "Arjun"  # Arjun
        "Arjuna"  # Arjuna
        "Arjuna"  # Arjuna
        "Arun"  # Arun
        "Aruna"  # Aruna
        "Aruna"  # Aruna
        "Arya"  # Arya
        "Aseem"  # Aseem
        "Vasim"  # Vasim
        "Ashok"  # Ashok
        "Ashoka"  # Ashoka
        "Ashoka"  # Ashoka
        "Asim"  # Asim
        "Avinash"  # Avinash
        "Azad"  # Azad
        "Bala"  # Bala
        "Baladeva"  # Baladeva
        "Baldev"  # Baldev
        "Baladeva"  # Baladeva
        "Basantb"  # Basantb
        "Bvasanta"  # Bvasanta
        "Basub"  # Basub
        "Bvasu"  # Bvasu
        "Bharat"  # Bharat
        "Bharata"  # Bharata
        "Bharata"  # Bharata
        "Bhaskar"  # Bhaskar
        "Bhaskara"  # Bhaskara
        "Bhaskara"  # Bhaskara
        "Bijayb"  # Bijayb
        "Bvijay"  # Bvijay
        "Bijoyb"  # Bijoyb
        "Bvijay"  # Bvijay
        "Bipinb"  # Bipinb
        "Bvipin"  # Bvipin
        "Bishen"  # Bishen
        "Vishnu"  # Vishnu
        "Brahma"  # Brahma
        "Brijesh"  # Brijesh
        "Brijesha"  # Brijesha
        "Brijesha"  # Brijesha
        "Buddha"  # Buddha
        "Chanda"  # Chanda
        "Chandan"  # Chandan
        "Chander"  # Chander
        "Chandra"  # Chandra
        "Chandra"  # Chandra
        "Chandrakant"  # Chandrakant
        "Chetan"  # Chetan
        "Chiranjeevi"  # Chiranjeevi
        "Vchiranjivi"  # Vchiranjivi
        "Chiranjivi"  # Chiranjivi
        "Damodar"  # Damodar
        "Damodara"  # Damodara
        "Damodara"  # Damodara
        "Dayaram"  # Dayaram
        "Debdanb"  # Debdanb
        "Bdevdan"  # Bdevdan
        "Deepak"  # Deepak
        "Dipaka"  # Dipaka
        "Deo"  # Deo
        "Dev"  # Dev
        "Deodan"  # Deodan
        "Devdan"  # Devdan
        "Dev"  # Dev
        "Devadas"  # Devadas
        "Devaraja"  # Devaraja
        "Devdan"  # Devdan
        "Devdas"  # Devdas
        "Vdevadas"  # Vdevadas
        "Devraj"  # Devraj
        "Devaraja"  # Devaraja
        "Dhananjay"  # Dhananjay
        "Dhaval"  # Dhaval
        "Dili"  # Dili
        "Dilipa"  # Dilipa
        "Dilipa"  # Dilipa
        "Dinesh"  # Dinesh
        "Dipak"  # Dipak
        "Dipaka"  # Dipaka
        "Dipaka"  # Dipaka
        "Drupada"  # Drupada
        "Dulee"  # Dulee
        "Dilip"  # Dilip
        "Durait"  # Durait
        "Ganesh"  # Ganesh
        "Ganesha"  # Ganesha
        "Ganesha"  # Ganesha
        "Gautam"  # Gautam
        "Gautama"  # Gautama
        "Gautama"  # Gautama
        "Gotamas"  # Gotamas
        "Geevarghese"  # Geevarghese
        "George"  # George
        "Girish"  # Girish
        "Girisha"  # Girisha
        "Girisha"  # Girisha
        "Gobind"  # Gobind
        "Govinda"  # Govinda
        "Gopal"  # Gopal
        "Gopala"  # Gopala
        "Gopala"  # Gopala
        "Gopinath"  # Gopinath
        "Gopinatha"  # Gopinatha
        "Gopinatha"  # Gopinatha
        "Gotam"  # Gotam
        "Gotama"  # Gotama
        "Gotama"  # Gotama
        "Govind"  # Govind
        "Govinda"  # Govinda
        "Govinda"  # Govinda
        "Gulshanu"  # Gulshanu
        "Golshan"  # Golshan
        "Harendra"  # Harendra
        "Hari"  # Hari
        "Harinder"  # Harinder
        "Arendra"  # Arendra
        "Harish"  # Harish
        "Arisha"  # Arisha
        "Harisha"  # Harisha
        "Harsha"  # Harsha
        "Harshad"  # Harshad
        "Harshal"  # Harshal
        "Inderjit"  # Inderjit
        "Indrajit"  # Indrajit
        "Inderpal"  # Inderpal
        "Indrajit"  # Indrajit
        "Isha"  # Isha
        "Jagannath"  # Jagannath
        "Jagannatha"  # Jagannatha
        "Jagannatha"  # Jagannatha
        "Jagdish"  # Jagdish
        "Jagjit"  # Jagjit
        "Jai"  # Jai
        "Jay"  # Jay
        "Jaidev"  # Jaidev
        "Jaswinder"  # Jaswinder
        "Jay"  # Jay
        "Jaya"  # Jaya
        "Jaya"  # Jaya
        "Jayant"  # Jayant
        "Jayanta"  # Jayanta
        "Jayanta"  # Jayanta
        "Jayendra"  # Jayendra
        "Jaywant"  # Jaywant
        "Jeetendra"  # Jeetendra
        "Vjitendra"  # Vjitendra
        "Jitender"  # Jitender
        "Jitinder"  # Jitinder
        "Jyothi"  # Jyothi
        "Sjyoti"  # Sjyoti
        "Jyoti"  # Jyoti
        "Kailash"  # Kailash
        "Kalidas"  # Kalidas
        "Kalidasa"  # Kalidasa
        "Kalidasa"  # Kalidasa
        "Kkali"  # Kkali
        "Kalyan"  # Kalyan
        "Kalyana"  # Kalyana
        "Kalyana"  # Kalyana
        "Kama"  # Kama
        "Kamal"  # Kamal
        "Kamala"  # Kamala
        "Kamala"  # Kamala
        "Kapil"  # Kapil
        "Kapila"  # Kapila
        "Kapila"  # Kapila
        "Karan"  # Karan
        "Karna"  # Karna
        "Karna"  # Karna
        "Kavi"  # Kavi
        "Kiran"  # Kiran
        "Kishan"  # Kishan
        "Krishna"  # Krishna
        "Kishen"  # Kishen
        "Krishna"  # Krishna
        "Kishor"  # Kishor
        "Kishore"  # Kishore
        "Vkishor"  # Vkishor
        "Kistna"  # Kistna
        "Krishna"  # Krishna
        "Krishna"  # Krishna
        "Kshitij"  # Kshitij
        "Kumar"  # Kumar
        "Kumara"  # Kumara
        "Kumara"  # Kumara
        "Kunal"  # Kunal
        "Kunala"  # Kunala
        "Kunala"  # Kunala
        "Lakshman"  # Lakshman
        "Lakshmana"  # Lakshmana
        "Lakshmana"  # Lakshmana
        "Lal"  # Lal
        "Lalit"  # Lalit
        "Lalita"  # Lalita
        "Lalita"  # Lalita
        "Laxman"  # Laxman
        "Vlakshman"  # Vlakshman
        "Lochan"  # Lochan
        "Madhav"  # Madhav
        "Madhava"  # Madhava
        "Madhava"  # Madhava
        "Madhu"  # Madhu
        "Madhukar"  # Madhukar
        "Madhur"  # Madhur
        "Mahavir"  # Mahavir
        "Mahavira"  # Mahavira
        "Mahavira"  # Mahavira
        "Mahendra"  # Mahendra
        "Mahesh"  # Mahesh
        "Mahesha"  # Mahesha
        "Mahesha"  # Mahesha
        "Mahinder"  # Mahinder
        "Mahendra"  # Mahendra
        "Mandee"  # Mandee
        "Mani"  # Mani
        "Maninder"  # Maninder
        "Manish"  # Manish
        "Manu"  # Manu
        "Mayur"  # Mayur
        "Mitra"  # Mitra
        "Mithra"  # Mithra
        "Mitul"  # Mitul
        "Mohan"  # Mohan
        "Mohana"  # Mohana
        "Mohana"  # Mohana
        "Mohandas"  # Mohandas
        "Mmohana"  # Mmohana
        "Mohinder"  # Mohinder
        "Mahendra"  # Mahendra
        "Mukesh"  # Mukesh
        "Mukesha"  # Mukesha
        "Mukesha"  # Mukesha
        "Mukul"  # Mukul
        "Murali"  # Murali
        "Nagendra"  # Nagendra
        "Nala"  # Nala
        "Nanda"  # Nanda
        "Narayan"  # Narayan
        "Narayana"  # Narayana
        "Narayana"  # Narayana
        "Narendra"  # Narendra
        "Narinder"  # Narinder
        "Narendra"  # Narendra
        "Naveen"  # Naveen
        "Vnavin"  # Vnavin
        "Navin"  # Navin
        "Neelam"  # Neelam
        "Vnilam"  # Vnilam
        "Nikhil"  # Nikhil
        "Nilam"  # Nilam
        "Ninad"  # Ninad
        "Niraj"  # Niraj
        "Nirav"  # Nirav
        "Nishant"  # Nishant
        "Nithya"  # Nithya
        "Vnitya"  # Vnitya
        "Nitin"  # Nitin
        "Nitya"  # Nitya
        "Om"  # Om
        "Padma"  # Padma
        "Pallab"  # Pallab
        "Allav"  # Allav
        "Pallav"  # Pallav
        "Pankaj"  # Pankaj
        "Ankaja"  # Ankaja
        "Pankaja"  # Pankaja
        "Parth"  # Parth
        "Artha"  # Artha
        "Partha"  # Partha
        "Ritha"  # Ritha
        "Pitambar"  # Pitambar
        "Itambara"  # Itambara
        "Pitambara"  # Pitambara
        "Prabhakar"  # Prabhakar
        "Rabhakara"  # Rabhakara
        "Prabhakara"  # Prabhakara
        "Prabhat"  # Prabhat
        "Prabhu"  # Prabhu
        "Prabodh"  # Prabodh
        "Pradee"  # Pradee
        "Radip"  # Radip
        "Pradi"  # Pradi
        "Prakash"  # Prakash
        "Pramod"  # Pramod
        "Ramoda"  # Ramoda
        "Pramoda"  # Pramoda
        "Pran"  # Pran
        "Pranav"  # Pranav
        "Pranay"  # Pranay
        "Prasad"  # Prasad
        "Prasanna"  # Prasanna
        "Prata"  # Prata
        "Pravin"  # Pravin
        "Prem"  # Prem
        "Punit"  # Punit
        "Purushottam"  # Purushottam
        "Purushottama"  # Purushottama
        "Rabindrab"  # Rabindrab
        "Bravindra"  # Bravindra
        "Raghu"  # Raghu
        "Rahul"  # Rahul
        "Raj"  # Raj
        "Raja"  # Raja
        "Raj"  # Raj
        "Rajender"  # Rajender
        "Rajendra"  # Rajendra
        "Rajendra"  # Rajendra
        "Rajesh"  # Rajesh
        "Rajinder"  # Rajinder
        "Rajendra"  # Rajendra
        "Rajiv"  # Rajiv
        "Rajneesh"  # Rajneesh
        "Vrajnish"  # Vrajnish
        "Rajnish"  # Rajnish
        "Rakesh"  # Rakesh
        "Ram"  # Ram
        "Rama"  # Rama
        "Rama"  # Rama
        "Ramachander"  # Ramachander
        "Ramachandra"  # Ramachandra
        "Ramachandra"  # Ramachandra
        "Ramakrishna"  # Ramakrishna
        "Ramesh"  # Ramesh
        "Ramesha"  # Ramesha
        "Ramesha"  # Ramesha
        "Rameshwar"  # Rameshwar
        "Rama"  # Rama
        "Ranj"  # Ranj
        "Sranjit"  # Sranjit
        "Ranjeet"  # Ranjeet
        "Vranjit"  # Vranjit
        "Ranjit"  # Ranjit
        "Ratan"  # Ratan
        "Vratna"  # Vratna
        "Rathna"  # Rathna
        "Ratna"  # Ratna
        "Ratna"  # Ratna
        "Ratnam"  # Ratnam
        "Ratna"  # Ratna
        "Ravi"  # Ravi
        "Ravinder"  # Ravinder
        "Ravindra"  # Ravindra
        "Ravindra"  # Ravindra
        "Rishi"  # Rishi
        "Rohan"  # Rohan
        "Rohit"  # Rohit
        "Roshan"  # Roshan
        "Sachin"  # Sachin
        "Samir"  # Samir
        "Sandee"  # Sandee
        "Vsandip"  # Vsandip
        "Sandi"  # Sandi
        "Sanjay"  # Sanjay
        "Sanjaya"  # Sanjaya
        "Sanjaya"  # Sanjaya
        "Sanjeet"  # Sanjeet
        "Vsanjit"  # Vsanjit
        "Sanjeev"  # Sanjeev
        "Vsanjiv"  # Vsanjiv
        "Sanjit"  # Sanjit
        "Sanjiv"  # Sanjiv
        "Sankar"  # Sankar
        "Vshankar"  # Vshankar
        "Saral"  # Saral
        "Sashi"  # Sashi
        "Vshashi"  # Vshashi
        "Satish"  # Satish
        "Ssati"  # Ssati
        "Savitr"  # Savitr
        "Sekar"  # Sekar
        "Vshekhar"  # Vshekhar
        "Shahrukhu"  # Shahrukhu
        "Shahrokh"  # Shahrokh
        "Shankar"  # Shankar
        "Shankara"  # Shankara
        "Shankara"  # Shankara
        "Shantanu"  # Shantanu
        "Sharma"  # Sharma
        "Shashi"  # Shashi
        "Shekhar"  # Shekhar
        "Shiva"  # Shiva
        "Shresth"  # Shresth
        "Shrinivas"  # Shrinivas
        "Shri"  # Shri
        "Shripati"  # Shripati
        "Sshri"  # Sshri
        "Shrivatsa"  # Shrivatsa
        "Shri"  # Shri
        "Shyam"  # Shyam
        "Shyama"  # Shyama
        "Shyama"  # Shyama
        "Shyamal"  # Shyamal
        "Shiva"  # Shiva
        "Siddharta"  # Siddharta
        "Vsiddhartha"  # Vsiddhartha
        "Siddhartha"  # Siddhartha
        "Singh"  # Singh
        "Skanda"  # Skanda
        "Subhash"  # Subhash
        "Sudarshan"  # Sudarshan
        "Sudhir"  # Sudhir
        "Sujay"  # Sujay
        "Suman"  # Suman
        "Sumantra"  # Sumantra
        "Sundar"  # Sundar
        "Sundara"  # Sundara
        "Sundara"  # Sundara
        "Sunder"  # Sunder
        "Sundara"  # Sundara
        "Sunil"  # Sunil
        "Suraj"  # Suraj
        "Surendra"  # Surendra
        "Suresh"  # Suresh
        "Suresha"  # Suresha
        "Surinder"  # Surinder
        "Surendra"  # Surendra
        "Surya"  # Surya
        "Sushil"  # Sushil
        "Sushila"  # Sushila
        "Sushila"  # Sushila
        "Swapan"  # Swapan
        "Swapna"  # Swapna
        "Swapnil"  # Swapnil
        "Swaran"  # Swaran
        "Swarna"  # Swarna
        "Varghese"  # Varghese
        "Vasant"  # Vasant
        "Vasanta"  # Vasanta
        "Vasu"  # Vasu
        "Venkat"  # Venkat
        "Venkata"  # Venkata
        "Vijay"  # Vijay
        "Vikram"  # Vikram
        "Vikrama"  # Vikrama
        "Vikrama"  # Vikrama
        "Vimal"  # Vimal
        "Vinay"  # Vinay
        "Vipin"  # Vipin
        "Vipul"  # Vipul
        "Vishal"  # Vishal
        "Vishnu"  # Vishnu
        "Vivek"  # Vivek
        "Yama"  # Yama
        "Yash"  # Yash
    }
}