lost_cultures_group = {
    atlantean = {
        dynasty_names = {
            "Alcetid"  # Alcetid
            "Apollonid"  # Apollonid
            "Aratid"  # Aratid
            "Helladid"  # Helladid
            "Omirid"  # Omirid
            "Peithid"  # Peithid
            "Peneid"  # Peneid
            "Philonid"  # Philonid
            "Proctid"  # Proctid
            "Pytheid"  # Pytheid
            "Sosiclid"  # Sosiclid
            "Therid"  # Therid
            "Theronid"  # Theronid
            "Timolid"  # Timolid
            "Xenonid"  # Xenonid
            "Zagreid"  # Zagreid
            "Zosimid"  # Zosimid
            "Zoticid"  # Zoticid
        }
        male_names = {
            "Acnonios"  # Acnonios
            "Aeacides"  # Aeacides
            "Aenias"  # Aenias
            "Aesillas"  # Aesillas
            "Agathocles"  # Agathocles
            "Agelaos"  # Agelaos
            "Alcetas"  # Alcetas
            "Aleos"  # Aleos
            "亚历山大"  # Alexander
            "Ameinias"  # Ameinias
            "Amynandros"  # Amynandros
            "Amyntus"  # Amyntus
            "Apollonides"  # Apollonides
            "Aratos"  # Aratos
            "Archelaus"  # Archelaus
            "Argaeus"  # Argaeus
            "Arganos"  # Arganos
            "Aristomides"  # Aristomides
            "Ariston"  # Ariston
            "Aristonous"  # Aristonous
            "Aristophanes"  # Aristophanes
            "Aristotle"  # Aristotle
            "Asklepiodorus"  # Asklepiodorus
            "Athineos"  # Athineos
            "Damasias"  # Damasias
            "Demetrius"  # Demetrius
            "Dioedas"  # Dioedas
            "Diophantus"  # Diophantus
            "Echemos"  # Echemos
            "Ehnon"  # Ehnon
            "Ephron"  # Ephron
            "Euclid"  # Euclid
            "Eudicus"  # Eudicus
            "Eudoridas"  # Eudoridas
            "Euripides"  # Euripides
            "Eurycrates"  # Eurycrates
            "Helladius"  # Helladius
            "Hero"  # Hero
            "Hippocrates"  # Hippocrates
            "Ikesios"  # Ikesios
            "Isocrates"  # Isocrates
            "Kleandros"  # Kleandros
            "Kleitos"  # Kleitos
            "Leonidas"  # Leonidas
            "Leonippus"  # Leonippus
            "Lycurgus"  # Lycurgus
            "Lydiadas"  # Lydiadas
            "Lysander"  # Lysander
            "Lysimachus"  # Lysimachus
            "Machares"  # Machares
            "Meleager"  # Meleager
            "Menon"  # Menon
            "Metrophanes"  # Metrophanes
            "Midas"  # Midas
            "Mitrodoros"  # Mitrodoros
            "Neominios"  # Neominios
            "Neoptolemus"  # Neoptolemus
            "Nicias"  # Nicias
            "Nicocrates"  # Nicocrates
            "Nicodemus"  # Nicodemus
            "Nikandros"  # Nikandros
            "Nikomedes"  # Nikomedes
            "Nikon"  # Nikon
            "Olympos"  # Olympos
            "Omirus"  # Omirus
            "Orestes"  # Orestes
            "Pausanias"  # Pausanias
            "Peithon"  # Peithon
            "Pelopidas"  # Pelopidas
            "Peneus"  # Peneus
            "Perdiccas"  # Perdiccas
            "Pericles"  # Pericles
            "Perseus"  # Perseus
            "Pheneos"  # Pheneos
            "Phidias"  # Phidias
            "Philocrates"  # Philocrates
            "Philon"  # Philon
            "Philotheos"  # Philotheos
            "Philip"  # Philip
            "Phocas"  # Phocas
            "Phyleus"  # Phyleus
            "Pitholaos"  # Pitholaos
            "Polydoros"  # Polydoros
            "Polyperchon"  # Polyperchon
            "Polyphron"  # Polyphron
            "Polysperchon"  # Polysperchon
            "Polyxenos"  # Polyxenos
            "Posidaeios"  # Posidaeios
            "Proctus"  # Proctus
            "Pythagoras"  # Pythagoras
            "Pytheos"  # Pytheos
            "Selagus"  # Selagus
            "Skopas"  # Skopas
            "Sosicles"  # Sosicles
            "Sophocles"  # Sophocles
            "Sophronius"  # Sophronius
            "Sthenelaus"  # Sthenelaus
            "Teleclus"  # Teleclus
            "Telesphoros"  # Telesphoros
            "Themistocles"  # Themistocles
            "Theocritus"  # Theocritus
            "Theodoros"  # Theodoros
            "Therapon"  # Therapon
            "Theron"  # Theron
            "Thymotes"  # Thymotes
            "Timoleon"  # Timoleon
            "Tisiphon"  # Tisiphon
            "Xanthos"  # Xanthos
            "Xenocrates"  # Xenocrates
            "Xenon"  # Xenon
            "Xenophon"  # Xenophon
            "Xenotimos"  # Xenotimos
            "Zagreus"  # Zagreus
            "Zenodoros"  # Zenodoros
            "Zosimus"  # Zosimus
            "Zoticus"  # Zoticus
        }
        female_names = {
            "Adelpha"  # Adelpha
            "Agape"  # Agape
            "Airlea"  # Airlea
            "Akantha"  # Akantha
            "Alexis"  # Alexis
            "Alkyone"  # Alkyone
            "Antigone"  # Antigone
            "Apollonia"  # Apollonia
            "Aristomache"  # Aristomache
            "Artemisia"  # Artemisia
            "Aspacia"  # Aspacia
            "Athenais"  # Athenais
            "Berenice"  # Berenice
            "Charis"  # Charis
            "Cleopatra"  # Cleopatra
            "Cynna"  # Cynna
            "Demetria"  # Demetria
            "Diantha"  # Diantha
            "Dionysia"  # Dionysia
            "Elpis"  # Elpis
            "Eirene"  # Eirene
            "Eudocia"  # Eudocia
            "Eunice"  # Eunice
            "Euphemia"  # Euphemia
            "Eurydice"  # Eurydice
            "Euthalia"  # Euthalia
            "Evgenia"  # Evgenia
            "Helen"  # Helen
            "Hypatia"  # Hypatia
            "Kandake"  # Kandake
            "Kassandra"  # Kassandra
            "Megaira"  # Megaira
            "Melaina"  # Melaina
            "Narkissa"  # Narkissa
            "Nysa"  # Nysa
            "Olympia"  # Olympia
            "Phila"  # Phila
            "Phile"  # Phile
            "Ptolema"  # Ptolema
            "Sofia"  # Sofia
            "Sostrate"  # Sostrate
            "Stratonice"  # Stratonice
            "Thais"  # Thais
            "Theophila"  # Theophila
            "Thetima"  # Thetima
            "Thessaloniki"  # Thessaloniki
            "Thorakis"  # Thorakis
            "Timo"  # Timo
            "Xanthe"  # Xanthe
            "Xene"  # Xene
            "Xenia"  # Xenia
            "Zoe"  # Zoe
            "Zona"  # Zona
        }
    }
    spartan = {
        dynasty_names = {
            "Alcetid"  # Alcetid
            "Apollonid"  # Apollonid
            "Aratid"  # Aratid
            "Helladid"  # Helladid
            "Omirid"  # Omirid
            "Peithid"  # Peithid
            "Peneid"  # Peneid
            "Philonid"  # Philonid
            "Proctid"  # Proctid
            "Pytheid"  # Pytheid
            "Sosiclid"  # Sosiclid
            "Therid"  # Therid
            "Theronid"  # Theronid
            "Timolid"  # Timolid
            "Xenonid"  # Xenonid
            "Zagreid"  # Zagreid
            "Zosimid"  # Zosimid
            "Zoticid"  # Zoticid
        }
        male_names = {
            "Acnonios"  # Acnonios
            "Aeacides"  # Aeacides
            "Aenias"  # Aenias
            "Aesillas"  # Aesillas
            "Agathocles"  # Agathocles
            "Agelaos"  # Agelaos
            "Alcetas"  # Alcetas
            "Aleos"  # Aleos
            "Alexander"  # Alexander
            "Ameinias"  # Ameinias
            "Amynandros"  # Amynandros
            "Amyntus"  # Amyntus
            "Apollonides"  # Apollonides
            "Aratos"  # Aratos
            "Archelaus"  # Archelaus
            "Argaeus"  # Argaeus
            "Arganos"  # Arganos
            "Aristomides"  # Aristomides
            "Ariston"  # Ariston
            "Aristonous"  # Aristonous
            "Aristophanes"  # Aristophanes
            "Aristotle"  # Aristotle
            "Asklepiodorus"  # Asklepiodorus
            "Athineos"  # Athineos
            "Damasias"  # Damasias
            "Demetrius"  # Demetrius
            "Dioedas"  # Dioedas
            "Diophantus"  # Diophantus
            "Echemos"  # Echemos
            "Ehnon"  # Ehnon
            "Ephron"  # Ephron
            "Euclid"  # Euclid
            "Eudicus"  # Eudicus
            "Eudoridas"  # Eudoridas
            "Euripides"  # Euripides
            "Eurycrates"  # Eurycrates
            "Helladius"  # Helladius
            "Hero"  # Hero
            "Hippocrates"  # Hippocrates
            "Ikesios"  # Ikesios
            "Isocrates"  # Isocrates
            "Kleandros"  # Kleandros
            "Kleitos"  # Kleitos
            "Leonidas"  # Leonidas
            "Leonippus"  # Leonippus
            "Lycurgus"  # Lycurgus
            "Lydiadas"  # Lydiadas
            "Lysander"  # Lysander
            "Lysimachus"  # Lysimachus
            "Machares"  # Machares
            "Meleager"  # Meleager
            "Menon"  # Menon
            "Metrophanes"  # Metrophanes
            "Midas"  # Midas
            "Mitrodoros"  # Mitrodoros
            "Neominios"  # Neominios
            "Neoptolemus"  # Neoptolemus
            "Nicias"  # Nicias
            "Nicocrates"  # Nicocrates
            "Nicodemus"  # Nicodemus
            "Nikandros"  # Nikandros
            "Nikomedes"  # Nikomedes
            "Nikon"  # Nikon
            "Olympos"  # Olympos
            "Omirus"  # Omirus
            "Orestes"  # Orestes
            "Pausanias"  # Pausanias
            "Peithon"  # Peithon
            "Pelopidas"  # Pelopidas
            "Peneus"  # Peneus
            "Perdiccas"  # Perdiccas
            "Pericles"  # Pericles
            "Perseus"  # Perseus
            "Pheneos"  # Pheneos
            "Phidias"  # Phidias
            "Philocrates"  # Philocrates
            "Philon"  # Philon
            "Philotheos"  # Philotheos
            "Philip"  # Philip
            "Phocas"  # Phocas
            "Phyleus"  # Phyleus
            "Pitholaos"  # Pitholaos
            "Polydoros"  # Polydoros
            "Polyperchon"  # Polyperchon
            "Polyphron"  # Polyphron
            "Polysperchon"  # Polysperchon
            "Polyxenos"  # Polyxenos
            "Posidaeios"  # Posidaeios
            "Proctus"  # Proctus
            "Pythagoras"  # Pythagoras
            "Pytheos"  # Pytheos
            "Selagus"  # Selagus
            "Skopas"  # Skopas
            "Sosicles"  # Sosicles
            "Sophocles"  # Sophocles
            "Sophronius"  # Sophronius
            "Sthenelaus"  # Sthenelaus
            "Teleclus"  # Teleclus
            "Telesphoros"  # Telesphoros
            "Themistocles"  # Themistocles
            "Theocritus"  # Theocritus
            "Theodoros"  # Theodoros
            "Therapon"  # Therapon
            "Theron"  # Theron
            "Thymotes"  # Thymotes
            "Timoleon"  # Timoleon
            "Tisiphon"  # Tisiphon
            "Xanthos"  # Xanthos
            "Xenocrates"  # Xenocrates
            "Xenon"  # Xenon
            "Xenophon"  # Xenophon
            "Xenotimos"  # Xenotimos
            "Zagreus"  # Zagreus
            "Zenodoros"  # Zenodoros
            "Zosimus"  # Zosimus
            "Zoticus"  # Zoticus
        }
        female_names = {
            "Adelpha"  # Adelpha
            "Agape"  # Agape
            "Airlea"  # Airlea
            "Akantha"  # Akantha
            "Alexis"  # Alexis
            "Alkyone"  # Alkyone
            "Antigone"  # Antigone
            "Apollonia"  # Apollonia
            "Aristomache"  # Aristomache
            "Artemisia"  # Artemisia
            "Aspacia"  # Aspacia
            "Athenais"  # Athenais
            "Berenice"  # Berenice
            "Charis"  # Charis
            "Cleopatra"  # Cleopatra
            "Cynna"  # Cynna
            "Demetria"  # Demetria
            "Diantha"  # Diantha
            "Dionysia"  # Dionysia
            "Elpis"  # Elpis
            "Eirene"  # Eirene
            "Eudocia"  # Eudocia
            "Eunice"  # Eunice
            "Euphemia"  # Euphemia
            "Eurydice"  # Eurydice
            "Euthalia"  # Euthalia
            "Evgenia"  # Evgenia
            "Helen"  # Helen
            "Hypatia"  # Hypatia
            "Kandake"  # Kandake
            "Kassandra"  # Kassandra
            "Megaira"  # Megaira
            "Melaina"  # Melaina
            "Narkissa"  # Narkissa
            "Nysa"  # Nysa
            "Olympia"  # Olympia
            "Phila"  # Phila
            "Phile"  # Phile
            "Ptolema"  # Ptolema
            "Sofia"  # Sofia
            "Sostrate"  # Sostrate
            "Stratonice"  # Stratonice
            "Thais"  # Thais
            "Theophila"  # Theophila
            "Thetima"  # Thetima
            "Thessaloniki"  # Thessaloniki
            "Thorakis"  # Thorakis
            "Timo"  # Timo
            "Xanthe"  # Xanthe
            "Xene"  # Xene
            "Xenia"  # Xenia
            "Zoe"  # Zoe
            "Zona"  # Zona
        }
    }
    athenian = {
        dynasty_names = {
            "Alcetid"  # Alcetid
            "Apollonid"  # Apollonid
            "Aratid"  # Aratid
            "Helladid"  # Helladid
            "Omirid"  # Omirid
            "Peithid"  # Peithid
            "Peneid"  # Peneid
            "Philonid"  # Philonid
            "Proctid"  # Proctid
            "Pytheid"  # Pytheid
            "Sosiclid"  # Sosiclid
            "Therid"  # Therid
            "Theronid"  # Theronid
            "Timolid"  # Timolid
            "Xenonid"  # Xenonid
            "Zagreid"  # Zagreid
            "Zosimid"  # Zosimid
            "Zoticid"  # Zoticid
        }
        male_names = {
            "Acnonios"  # Acnonios
            "Aeacides"  # Aeacides
            "Aenias"  # Aenias
            "Aesillas"  # Aesillas
            "Agathocles"  # Agathocles
            "Agelaos"  # Agelaos
            "Alcetas"  # Alcetas
            "Aleos"  # Aleos
            "Alexander"  # Alexander
            "Ameinias"  # Ameinias
            "Amynandros"  # Amynandros
            "Amyntus"  # Amyntus
            "Apollonides"  # Apollonides
            "Aratos"  # Aratos
            "Archelaus"  # Archelaus
            "Argaeus"  # Argaeus
            "Arganos"  # Arganos
            "Aristomides"  # Aristomides
            "Ariston"  # Ariston
            "Aristonous"  # Aristonous
            "Aristophanes"  # Aristophanes
            "Aristotle"  # Aristotle
            "Asklepiodorus"  # Asklepiodorus
            "Athineos"  # Athineos
            "Damasias"  # Damasias
            "Demetrius"  # Demetrius
            "Dioedas"  # Dioedas
            "Diophantus"  # Diophantus
            "Echemos"  # Echemos
            "Ehnon"  # Ehnon
            "Ephron"  # Ephron
            "Euclid"  # Euclid
            "Eudicus"  # Eudicus
            "Eudoridas"  # Eudoridas
            "Euripides"  # Euripides
            "Eurycrates"  # Eurycrates
            "Helladius"  # Helladius
            "Hero"  # Hero
            "Hippocrates"  # Hippocrates
            "Ikesios"  # Ikesios
            "Isocrates"  # Isocrates
            "Kleandros"  # Kleandros
            "Kleitos"  # Kleitos
            "Leonidas"  # Leonidas
            "Leonippus"  # Leonippus
            "Lycurgus"  # Lycurgus
            "Lydiadas"  # Lydiadas
            "Lysander"  # Lysander
            "Lysimachus"  # Lysimachus
            "Machares"  # Machares
            "Meleager"  # Meleager
            "Menon"  # Menon
            "Metrophanes"  # Metrophanes
            "Midas"  # Midas
            "Mitrodoros"  # Mitrodoros
            "Neominios"  # Neominios
            "Neoptolemus"  # Neoptolemus
            "Nicias"  # Nicias
            "Nicocrates"  # Nicocrates
            "Nicodemus"  # Nicodemus
            "Nikandros"  # Nikandros
            "Nikomedes"  # Nikomedes
            "Nikon"  # Nikon
            "Olympos"  # Olympos
            "Omirus"  # Omirus
            "Orestes"  # Orestes
            "Pausanias"  # Pausanias
            "Peithon"  # Peithon
            "Pelopidas"  # Pelopidas
            "Peneus"  # Peneus
            "Perdiccas"  # Perdiccas
            "Pericles"  # Pericles
            "Perseus"  # Perseus
            "Pheneos"  # Pheneos
            "Phidias"  # Phidias
            "Philocrates"  # Philocrates
            "Philon"  # Philon
            "Philotheos"  # Philotheos
            "Philip"  # Philip
            "Phocas"  # Phocas
            "Phyleus"  # Phyleus
            "Pitholaos"  # Pitholaos
            "Polydoros"  # Polydoros
            "Polyperchon"  # Polyperchon
            "Polyphron"  # Polyphron
            "Polysperchon"  # Polysperchon
            "Polyxenos"  # Polyxenos
            "Posidaeios"  # Posidaeios
            "Proctus"  # Proctus
            "Pythagoras"  # Pythagoras
            "Pytheos"  # Pytheos
            "Selagus"  # Selagus
            "Skopas"  # Skopas
            "Sosicles"  # Sosicles
            "Sophocles"  # Sophocles
            "Sophronius"  # Sophronius
            "Sthenelaus"  # Sthenelaus
            "Teleclus"  # Teleclus
            "Telesphoros"  # Telesphoros
            "Themistocles"  # Themistocles
            "Theocritus"  # Theocritus
            "Theodoros"  # Theodoros
            "Therapon"  # Therapon
            "Theron"  # Theron
            "Thymotes"  # Thymotes
            "Timoleon"  # Timoleon
            "Tisiphon"  # Tisiphon
            "Xanthos"  # Xanthos
            "Xenocrates"  # Xenocrates
            "Xenon"  # Xenon
            "Xenophon"  # Xenophon
            "Xenotimos"  # Xenotimos
            "Zagreus"  # Zagreus
            "Zenodoros"  # Zenodoros
            "Zosimus"  # Zosimus
            "Zoticus"  # Zoticus
        }
        female_names = {
            "Adelpha"  # Adelpha
            "Agape"  # Agape
            "Airlea"  # Airlea
            "Akantha"  # Akantha
            "Alexis"  # Alexis
            "Alkyone"  # Alkyone
            "Antigone"  # Antigone
            "Apollonia"  # Apollonia
            "Aristomache"  # Aristomache
            "Artemisia"  # Artemisia
            "Aspacia"  # Aspacia
            "Athenais"  # Athenais
            "Berenice"  # Berenice
            "Charis"  # Charis
            "Cleopatra"  # Cleopatra
            "Cynna"  # Cynna
            "Demetria"  # Demetria
            "Diantha"  # Diantha
            "Dionysia"  # Dionysia
            "Elpis"  # Elpis
            "Eirene"  # Eirene
            "Eudocia"  # Eudocia
            "Eunice"  # Eunice
            "Euphemia"  # Euphemia
            "Eurydice"  # Eurydice
            "Euthalia"  # Euthalia
            "Evgenia"  # Evgenia
            "Helen"  # Helen
            "Hypatia"  # Hypatia
            "Kandake"  # Kandake
            "Kassandra"  # Kassandra
            "Megaira"  # Megaira
            "Melaina"  # Melaina
            "Narkissa"  # Narkissa
            "Nysa"  # Nysa
            "Olympia"  # Olympia
            "Phila"  # Phila
            "Phile"  # Phile
            "Ptolema"  # Ptolema
            "Sofia"  # Sofia
            "Sostrate"  # Sostrate
            "Stratonice"  # Stratonice
            "Thais"  # Thais
            "Theophila"  # Theophila
            "Thetima"  # Thetima
            "Thessaloniki"  # Thessaloniki
            "Thorakis"  # Thorakis
            "Timo"  # Timo
            "Xanthe"  # Xanthe
            "Xene"  # Xene
            "Xenia"  # Xenia
            "Zoe"  # Zoe
            "Zona"  # Zona
        }
    }
    old_egyptian = {
        dynasty_names = {
            "Thinis"  # Thinis
            "Memphis"  # Memphis
            "Abydos"  # Abydos
            "Herakleopolis"  # Herakleopolis
            "Thebes"  # Thebes
            "Itjtawy"  # Itjtawy
            "Avaris"  # Avaris
            "Bubastis"  # Bubastis
            "Sais"  # Sais
        }
        male_names = {
            "Seka"  # Seka
            "Khayu"  # Khayu
            "Tiu"  # Tiu
            "Thesh"  # Thesh
            "Neheb"  # Neheb
            "Wazner"  # Wazner
            "Mekh"  # Mekh
            "Iry-Hor"  # Iry-Hor
            "Sekhen"  # Sekhen
            "Serqer"  # Serqer
            "Narmer"  # Narmer
            "Hor-Aha"  # Hor-Aha
            "Djer"  # Djer
            "Djet"  # Djet
            "Den"  # Den
            "Semerkhet"  # Semerkhet
            "Qa'a"  # Qa'a
            "Sneferka"  # Sneferka
            "Raneb"  # Raneb
            "Nynetjer"  # Nynetjer
            "Senedj"  # Senedj
            "Neferkara"  # Neferkara
            "Hudjefa"  # Hudjefa
            "Djoser"  # Djoser
            "Sekhemkhet"  # Sekhemkhet
            "Sanakht"  # Sanakht
            "Khaba"  # Khaba
            "Huni"  # Huni
            "Sneferu"  # Sneferu
            "Khufu"  # Khufu
            "Khafre"  # Khafre
            "Djdefre"  # Djdefre
            "Menkaure"  # Menkaure
            "Thamphtis"  # Thamphtis
            "Userkaf"  # Userkaf
            "Sahure"  # Sahure
            "Neferefre"  # Neferefre
            "Shepseskare"  # Shepseskare
            "Nyuserre"  # Nyuserre
            "Unas"  # Unas
            "Teti"  # Teti
            "Dejkadre Shemai"  # Dejkadre Shemai
            "Neferkare"  # Neferkare
            "Merenhor"  # Merenhor
            "Nikare"  # Nikare
            "Intef"  # Intef
            "Sankhkare Mentuhotep"  # Sankhkare Mentuhotep
            "Menkare"  # Menkare
            "Segerseni"  # Segerseni
            "Senusret"  # Senusret
            "Nerikare"  # Nerikare
            "Sonbef"  # Sonbef
            "Sebkay"  # Sebkay
            "Sobekhotep"  # Sobekhotep
            "Dedumose"  # Dedumose
            "Sheeshi"  # Sheeshi
            "Nehesy"  # Nehesy
            "Sheneh"  # Sheneh
            "Semenre"  # Semenre
            "Rahotep"  # Rahotep
            "Nebpehtire Ahmose"  # Nebpehtire Ahmose
            "Amenhotep"  # Amenhotep
            "Thutmose"  # Thutmose
            "Awybre Hor"  # Awybre Hor
            "Akhenaten"  # Akhenaten
            "Tutankhamun"  # Tutankhamun
            "Ramesses"  # Ramesses
            "Herihor"  # Herihor
            "Piankh"  # Piankh
            "Pinedjem"  # Pinedjem
            "Masaharta"  # Masaharta
            "Menkheperre"  # Menkheperre
            "Smendes"  # Smendes
            "Pinedjem"  # Pinedjem
        }
        female_names = {
            "Sobekkare Sobekneferu"  # Sobekkare Sobekneferu
            "Hatshepsut"  # Hatshepsut
            "Tentamun"  # Tentamun
            "Nitocris"  # Nitocris
            "Neit"  # Neit
            "Cleopatra"  # Cleopatra
            "Neferneferuaten"  # Neferneferuaten
            "Nefertiti"  # Nefertiti
        }
    }
    roman = {
        dynasty_names = {
            "Aemilia"  # Aemilia
            "Antonia"  # Antonia
            "Atilia"  # Atilia
            "Atia"  # Atia
            "Aufidia"  # Aufidia
            "Aurelia"  # Aurelia
            "Caecilia"  # Caecilia
            "Calpurnia"  # Calpurnia
            "Cassia"  # Cassia
            "Claudia"  # Claudia
            "Clodia"  # Clodia
            "Cornelia"  # Cornelia
            "Domitia"  # Domitia
            "Fabia"  # Fabia
            "Flavia"  # Flavia
            "Fulvia"  # Fulvia
            "Furia"  # Furia
            "Gabinia"  # Gabinia
            "Galeria"  # Galeria
            "Horatia"  # Horatia
            "Julia"  # Julia
            "Junia"  # Junia
            "Licinia"  # Licinia
            "Livia"  # Livia
            "Lucia"  # Lucia
            "Mamilia"  # Mamilia
            "Manlia"  # Manlia
            "Maria"  # Maria
            "Memmia"  # Memmia
            "Nigidia"  # Nigidia
            "Octavia"  # Octavia
            "Papiria"  # Papiria
            "Plinia"  # Plinia
            "Postumia"  # Postumia
            "Pompeia"  # Pompeia
            "Rabiria"  # Rabiria
            "Quinctia"  # Quinctia
            "Salvia"  # Salvia
            "Scribonia"  # Scribonia
            "Sempronia"  # Sempronia
            "Sertoria"  # Sertoria
            "Silia"  # Silia
            "Titia"  # Titia
            "Tullia"  # Tullia
            "Ulpia"  # Ulpia
            "Valeria"  # Valeria
            "Vesuvia"  # Vesuvia
            "Vinicia"  # Vinicia
            "Viridia"  # Viridia
            "Vitellia"  # Vitellia
        }
        male_names = {
            "Appius"  # Appius
            "Aulus"  # Aulus
            "Caelus"  # Caelus
            "Decimus"  # Decimus
            "Decius"  # Decius
            "Drusus"  # Drusus
            "Faustus"  # Faustus
            "Gaius"  # Gaius
            "Gnaeus"  # Gnaeus
            "Lucius"  # Lucius
            "Mamercus"  # Mamercus
            "Manius"  # Manius
            "Marcus"  # Marcus
            "Mettius"  # Mettius
            "Numerius"  # Numerius
            "Publius"  # Publius
            "Quintus"  # Quintus
            "Secundus"  # Secundus
            "Septimus"  # Septimus
            "Servius"  # Servius
            "Sextus"  # Sextus
            "Spurius"  # Spurius
            "Tertius"  # Tertius
            "Titus"  # Titus
            "Tiberius"  # Tiberius
            "Titus"  # Titus
            "Albinus"  # Albinus
            "Albus"  # Albus
            "Agricola"  # Agricola
            "Agrippa"  # Agrippa
            "Aratus"  # Aratus
            "Asina"  # Asina
            "Auspex"  # Auspex
            "Balbus"  # Balbus
            "Barbatus"  # Barbatus
            "Bibulus"  # Bibulus
            "Brutus"  # Brutus
            "Bubo"  # Bubo
            "Buteo"  # Buteo
            "Caesar"  # Caesar
            "Calvus"  # Calvus
            "Calvinus"  # Calvinus
            "Cato"  # Cato
            "Catulus"  # Catulus
            "Cethegus"  # Cethegus
            "Cicero"  # Cicero
            "Cinna"  # Cinna
            "Cotta"  # Cotta
            "Crispian"  # Crispian
            "Curio"  # Curio
            "Dama"  # Dama
            "Damasus"  # Damasus
            "Dentatus"  # Dentatus
            "Dives"  # Dives
            "Dolabella"  # Dolabella
            "Donatus"  # Donatus
            "Draco"  # Draco
            "Emeritus"  # Emeritus
            "Eugenius"  # Eugenius
            "Euphemius"  # Euphemius
            "Falco"  # Falco
            "Falx"  # Falx
            "Felix"  # Felix
            "Fimbria"  # Fimbria
            "Flaccus"  # Flaccus
            "Florus"  # Florus
            "Fronto"  # Fronto
            "Gala"  # Gala
            "Galerus"  # Galerus
            "Gemellus"  # Gemellus
            "Gorgonius"  # Gorgonius
            "Gracchus"  # Gracchus
            "Gracilis"  # Gracilis
            "Habitus"  # Habitus
            "Herma"  # Herma
            "Hilarius"  # Hilarius
            "Horatius"  # Horatius
            "Ignatius"  # Ignatius
            "Iuba"  # Iuba
            "Labeo"  # Labeo
            "Laenas"  # Laenas
            "Lepidus"  # Lepidus
            "Leptis"  # Leptis
            "Lentulus"  # Lentulus
            "Libo"  # Libo
            "Longinus"  # Longinus
            "Longus"  # Longus
            "Lucan"  # Lucan
            "Lucullus"  # Lucullus
            "Lupius"  # Lupius
            "Macro"  # Macro
            "Martialis"  # Martialis
            "Marullus"  # Marullus
            "Maximus"  # Maximus
            "Memmius"  # Memmius
            "Mercator"  # Mercator
            "Messalla"  # Messalla
            "Montanus"  # Montanus
            "Murena"  # Murena
            "Mus"  # Mus
            "Nasica"  # Nasica
            "Oceanus"  # Oceanus
            "Octavianus"  # Octavianus
            "Opis"  # Opis
            "Optatus"  # Optatus
            "Otho"  # Otho
            "Paenula"  # Paenula
            "Pantera"  # Pantera
            "Pavo"  # Pavo
            "Peregrinus"  # Peregrinus
            "Pertinax"  # Pertinax
            "Petronax"  # Petronax
            "Pictor"  # Pictor
            "Pilatus"  # Pilatus
            "Polus"  # Polus
            "Prisca"  # Prisca
            "Primus"  # Primus
            "Procyon"  # Procyon
            "Pulcher"  # Pulcher
            "Quarto"  # Quarto
            "Quiricus"  # Quiricus
            "Regillus"  # Regillus
            "Remus"  # Remus
            "Romanus"  # Romanus
            "Romulus"  # Romulus
            "Rufus"  # Rufus
            "Ruso"  # Ruso
            "Sabinus"  # Sabinus
            "Salinator"  # Salinator
            "Scaevola"  # Scaevola
            "Scipio"  # Scipio
            "Scrofa"  # Scrofa
            "Seneca"  # Seneca
            "Senna"  # Senna
            "Severus"  # Severus
            "Sorex"  # Sorex
            "Statius"  # Statius
            "Strabo"  # Strabo
            "Super"  # Super
            "Superbus"  # Superbus
            "Tacitus"  # Tacitus
            "Tertulus"  # Tertulus
            "Trebonius"  # Trebonius
            "Tibullus"  # Tibullus
            "Tullius"  # Tullius
            "Ursinus"  # Ursinus
            "Ursus"  # Ursus
            "Valens"  # Valens
            "Varro"  # Varro
            "Varus"  # Varus
            "Vergilius"  # Vergilius
            "Viator"  # Viator
            "Victor"  # Victor
            "Vindex"  # Vindex
            "Virilis"  # Virilis
            "Vitalis"  # Vitalis
            "Vitus"  # Vitus
            "Zeno"  # Zeno
            "Zoilus"  # Zoilus
            "Zosimus"  # Zosimus
        }
        female_names = {
            "Prima"  # Prima
            "Secunda"  # Secunda
            "Tertia"  # Tertia
            "Quarta"  # Quarta
            "Quinta"  # Quinta
            "Septa"  # Septa
            "Septima"  # Septima
            "Octava"  # Octava
            "Nona"  # Nona
            "Decima"  # Decima
            "Undecima"  # Undecima
            "Duodecima"  # Duodecima
        }
    }
    jan_mayenese = {
        dynasty_names = {
            "Beliy"  # Beliy
            "Medved"  # Medved
            "Bjorn"  # Bjorn
            "Rawrrorr"  # Rawrrorr
            "Rrrrr"  # Rrrrr
            "Grrr"  # Grrr
            "Gyp"  # Gyp
            "Qoi"  # Qoi
            "Styrbjorn"  # Styrbjorn
            "Blomstfjellet"  # Blomstfjellet
        }
        male_names = {
            "Björn"  # Björn
            "Bamse"  # Bamse
            "Brum"  # Brum
            "Grawr"  # Grawr
            "Nanuk"  # Nanuk
            "Ursus"  # Ursus
            "Isbjorn"  # Isbjorn
            "Grrrowr"  # Grrrowr
            "Grrgrrr"  # Grrgrrr
            "Rawr"  # Rawr
        }
        female_names = {
            "Brummelisa"  # Brummelisa
            "Ursa"  # Ursa
            "Brumma"  # Brumma
        }
    }
    pruthenian = {
        male_names = {
            "Algirdas"  # Algirdas
            "Antanas"  # Antanas
            "Antavas"  # Antavas
            "Aras"  # Aras
            "Arunas"  # Arunas
            "Azuolas"  # Azuolas
            "Budrys"  # Budrys
            "Bukantas"  # Bukantas
            "Butavas"  # Butavas
            "Butigeidis"  # Butigeidis
            "Butvydas"  # Butvydas
            "Daugvilas"  # Daugvilas
            "Daumantas"  # Daumantas
            "Dausprungas"  # Dausprungas
            "Dravenis"  # Dravenis
            "Erdenis"  # Erdenis
            "Erdvilas"  # Erdvilas
            "Gedigaudas"  # Gedigaudas
            "Gediminas"  # Gediminas
            "Gedivilas"  # Gedivilas
            "Gintaras"  # Gintaras
            "Gintautas"  # Gintautas
            "Girdenis"  # Girdenis
            "Irmantas"  # Irmantas
            "Jaunutis"  # Jaunutis
            "Jogaila"  # Jogaila
            "Jovirdas"  # Jovirdas
            "Kantibutas"  # Kantibutas
            "Karijotas"  # Karijotas
            "Kesgaila"  # Kesgaila
            "Kestutis"  # Kestutis
            "Korigaila"  # Korigaila
            "Korybutas"  # Korybutas
            "Lasukas"  # Lasukas
            "Lingvenis"  # Lingvenis
            "Liudas"  # Liudas
            "Lubartas"  # Lubartas
            "Lutuveras"  # Lutuveras
            "Merkelis"  # Merkelis
            "Mindaugas"  # Mindaugas
            "Minigaila"  # Minigaila
            "Mantvydas"  # Mantvydas
            "Movkoldas"  # Movkoldas
            "Narimantas"  # Narimantas
            "Povilas"  # Povilas
            "Pukuveras"  # Pukuveras
            "Rimantas"  # Rimantas
            "Rimgaila"  # Rimgaila
            "Rimvydas"  # Rimvydas
            "Ringaudas"  # Ringaudas
            "Sarunas"  # Sarunas
            "Skirgaila"  # Skirgaila
            "Songaila"  # Songaila
            "Svarnas"  # Svarnas
            "Svitrigaila"  # Svitrigaila
            "Tarvydas"  # Tarvydas
            "Tovtivilas"  # Tovtivilas
            "Traidenis"  # Traidenis
            "Treniotas"  # Treniotas
            "Vainius"  # Vainius
            "Vaisvilkas"  # Vaisvilkas
            "Valimantas"  # Valimantas
            "Zygimantas"  # Zygimantas
            "Vidmantas"  # Vidmantas
            "Vingoldas"  # Vingoldas
            "Virmantas"  # Virmantas
            "Visvaldis"  # Visvaldis
            "Vizgirdas"  # Vizgirdas
            "Vykintas"  # Vykintas
            "Vytautas"  # Vytautas
            "Vytenis"  # Vytenis
            "Zivinbudas"  # Zivinbudas
        }
        female_names = {
            "Aldona"  # Aldona
            "Anele"  # Anele
            "Audra"  # Audra
            "Ausra"  # Ausra
            "Birute"  # Birute
            "Dannila"  # Dannila
            "Danute"  # Danute
            "Evalda"  # Evalda
            "Gaudimante"  # Gaudimante
            "Giedre"  # Giedre
            "Gintare"  # Gintare
            "Jevna"  # Jevna
            "Kenna"  # Kenna
            "Mikova"  # Mikova
            "Roze"  # Roze
            "Saule"  # Saule
            "Svajone"  # Svajone
            "Vida"  # Vida
            "Laima"  # Laima
        }
        dynasty_names = {
            "Ugandi"  # Ugandi
            "Gediminai"  # Gediminai
            "Radziwill"  # Radziwill
            "Gostautas"  # Gostautas
            "Astikas"  # Astikas
            "Kesgaila"  # Kesgaila
            "Chodkiewicz"  # Chodkiewicz
            "Olshanski"  # Olshanski
            "Chartoryski"  # Chartoryski
            "Giedraiciai"  # Giedraiciai
            "Pac"  # Pac
            "Plater"  # Plater
            "Tyzenhaus"  # Tyzenhaus
            "Sapieha"  # Sapieha
            "Ostrogski"  # Ostrogski
            "Oginski"  # Oginski
            "Wilks"  # Wilks
            "Klakis"  # Klakis
            "Luks"  # Luks
            "Kuilis"  # Kuilis
            "Kalabijjan"  # Kalabijjan
            "Jankowskie"  # Jankowskie
            "Konopacki"  # Konopacki
            "Penikis"  # Penikis
            "Tontegode"  # Tontegode
            "Vidins"  # Vidins
            "Draguns"  # Draguns
            "Sirkants"  # Sirkants
            "Karasi"  # Karasi
            "Ingrija"  # Ingrija
            "Revala"  # Revala
            "Virumaa"  # Virumaa
            "Läänemaa"  # Läänemaa
            "Ingeri"  # Ingeri
            "Livo"  # Livo
            "Harjumaa"  # Harjumaa
            "Ridala"  # Ridala
            "Saaremaa"  # Saaremaa
            "Vaiga"  # Vaiga
            "Turaida"  # Turaida
        }
    }
    phoenician = {
        dynasty_names = {
            "Abbarid"  # Abbarid
            "Adonibaalid"  # Adonibaalid
            "Ahiromid"  # Ahiromid
            "Baalhannid"  # Baalhannid
            "Baalid"  # Baalid
            "Barcid"  # Barcid
            "Bostarid"  # Bostarid
            "Chelbesid"  # Chelbesid
            "Eshbaalid"  # Eshbaalid
            "Eugorid"  # Eugorid
            "Hannid"  # Hannid
            "Hiramid"  # Hiramid
            "Magoid"  # Magoid
            "Mattanid"  # Mattanid
            "Metallid"  # Metallid
            "Milkiramid"  # Milkiramid
            "Philosirid"  # Philosirid
        }
        male_names = {
            "Abbar"  # Abbar
            "Abdmelqart"  # Abdmelqart
            "Adonibaal"  # Adonibaal
            "Agbal"  # Agbal
            "Ahirom"  # Ahirom
            "Azimilik"  # Azimilik
            "Baal"  # Baal
            "Baalhanno"  # Baalhanno
            "Bodashtart"  # Bodashtart
            "Bodmelqart"  # Bodmelqart
            "Bomilcar"  # Bomilcar
            "Bostar"  # Bostar
            "Boulomenus"  # Boulomenus
            "Carthalo"  # Carthalo
            "Chelbes"  # Chelbes
            "Eshbaal"  # Eshbaal
            "Eugoras"  # Eugoras
            "Germelqart"  # Germelqart
            "Hamilcar"  # Hamilcar
            "Hannibal"  # Hannibal
            "Hanno"  # Hanno
            "Hasdrubal"  # Hasdrubal
            "Himilco"  # Himilco
            "Hiram"  # Hiram
            "Mago"  # Mago
            "Maharbal"  # Maharbal
            "Mattan"  # Mattan
            "Metallo"  # Metallo
            "Milkherem"  # Milkherem
            "Milkiram"  # Milkiram
            "Paltibaal"  # Paltibaal
            "Philosir"  # Philosir
        }
        female_names = {
            "Abdosir"  # Abdosir
            "Arishat"  # Arishat
            "Astarte"  # Astarte
            "Batnoam"  # Batnoam
            "Dido"  # Dido
            "Shayna"  # Shayna
            "Sophonisba"  # Sophonisba
            "Tamar"  # Tamar
        }
    }
    scanian = {
        male_names = {
            "Anders"  # Anders
            "Anund"  # Anund
            "Asger"  # Asger
            "Benedikt"  # Benedikt
            "Bjørn"  # Bjørn
            "Bo"  # Bo
            "Christopher"  # Christopher
            "Daniel"  # Daniel
            "Edvard"  # Edvard
            "Einar"  # Einar
            "Fredrik"  # Fredrik
            "Gorm"  # Gorm
            "Grim"  # Grim
            "Hårik"  # Hårik
            "Halfdan"  # Halfdan
            "Halvor"  # Halvor
            "Harold"  # Harold
            "Helge"  # Helge
            "Hemming"  # Hemming
            "Hjalmar"  # Hjalmar
            "Ingolf"  # Ingolf
            "Jørn"  # Jørn
            "Jacob"  # Jacob
            "Jens"  # Jens
            "Joakim"  # Joakim
            "Johann"  # Johann
            "John"  # John
            "Knut"  # Knut
            "Kristian"  # Kristian
            "Lennart"  # Lennart
            "Ludvig"  # Ludvig
            "Louis"  # Louis
            "Malthe"  # Malthe
            "Mads"  # Mads
            "Mikkel"  # Mikkel
            "Michael"  # Michael
            "Mogens"  # Mogens
            "Nicholas"  # Nicholas
            "Odd"  # Odd
            "Olav"  # Olav
            "Peder"  # Peder
            "Pridbjørn"  # Pridbjørn
            "Ragnar"  # Ragnar
            "Ragnvald"  # Ragnvald
            "Rolf"  # Rolf
            "Rune"  # Rune
            "Rørik"  # Rørik
            "Rurik"  # Rurik
            "Severin"  # Severin
            "Sigfred"  # Sigfred
            "Sigtryg"  # Sigtryg
            "Sigurd"  # Sigurd
            "Sivard"  # Sivard
            "Steen"  # Steen
            "Sven"  # Sven
            "Sämund"  # Sämund
            "Thorolf"  # Thorolf
            "Thorvald"  # Thorvald
            "Torben"  # Torben
            "Torbjørn"  # Torbjørn
            "Glitterhov"  # Glitterhov
            "Torbjörn"  # Torbjörn
            "Tord"  # Tord
            "Torfinn"  # Torfinn
            "Torgils"  # Torgils
            "Torkel"  # Torkel
            "Ture"  # Ture
            "Ubbe"  # Ubbe
            "Uffe"  # Uffe
            "Ulf"  # Ulf
            "Vladimir"  # Vladimir
            "Valentin"  # Valentin
            "Yngvar"  # Yngvar
            "Ingvar"  # Ingvar
            "Christian"  # Christian
            "Frederik"  # Frederik
            "Erik"  # Erik
            "Christoffer"  # Christoffer
            "Adolf"  # Adolf
            "Niels"  # Niels
            "Karl"  # Karl
            "Magnus"  # Magnus
            "Maximilian"  # Maximilian
            "Ulrik"  # Ulrik
            "Abel"  # Abel
            "Vilhelm"  # Vilhelm
            "Knud"  # Knud
            "Valdemar"  # Valdemar
            "Harald"  # Harald
            "Oluf"  # Oluf
            "Alfred"  # Alfred
            "Anton"  # Anton
            "Bent"  # Bent
            "Emanuel"  # Emanuel
            "Esben"  # Esben
            "Fritjof"  # Fritjof
            "Frode"  # Frode
            "Gunnar"  # Gunnar
            "Hans"  # Hans
            "Henrik"  # Henrik
            "Holger"  # Holger
            "Jørgen"  # Jørgen
            "Kasper"  # Kasper
            "Peter"  # Peter
            "Poul"  # Poul
            "Rudolf"  # Rudolf
            "Stefan"  # Stefan
            "Tobias"  # Tobias
            "Torbald"  # Torbald
            "Viktor"  # Viktor
            "Vilfred"  # Vilfred
            "Joachim"  # Joachim
            "Ernst"  # Ernst
            "Frans"  # Frans
            "Gnupa"  # Gnupa
        }
        female_names = {
            "Sophie"  # Sophie
            "Dorothe"  # Dorothe
            "Margrete"  # Margrete
            "Sigrun"  # Sigrun
            "Agnethe"  # Agnethe
            "Anna"  # Anna
            "Asta"  # Asta
            "Benedikte"  # Benedikte
            "Benedicta"  # Benedicta
            "Birgitta"  # Birgitta
            "Brigid"  # Brigid
            "Bodil"  # Bodil
            "Cecilie"  # Cecilie
            "Cecilia"  # Cecilia
            "Christina"  # Christina
            "Dagmar"  # Dagmar
            "Dorothea"  # Dorothea
            "Dorothy"  # Dorothy
            "Elisabeth"  # Elisabeth
            "Ellinor"  # Ellinor
            "Eleanor"  # Eleanor
            "Emilie"  # Emilie
            "Emily"  # Emily
            "Erika"  # Erika
            "Ester"  # Ester
            "Estrid"  # Estrid
            "Astrid"  # Astrid
            "Frederikke"  # Frederikke
            "Frederique"  # Frederique
            "Freja"  # Freja
            "Grethe"  # Grethe
            "Gudrun"  # Gudrun
            "Gunhild"  # Gunhild
            "Gyda"  # Gyda
            "Gytha"  # Gytha
            "Helena"  # Helena
            "Helen"  # Helen
            "Ida"  # Ida
            "Ingeborg"  # Ingeborg
            "Ingegerd"  # Ingegerd
            "Ingrid"  # Ingrid
            "Johanne"  # Johanne
            "Jutta"  # Jutta
            "Karin"  # Karin
            "Karoline"  # Karoline
            "Katarina"  # Katarina
            "Katrine"  # Katrine
            "Catherine"  # Catherine
            "Kirsten"  # Kirsten
            "Klara"  # Klara
            "Lise"  # Lise
            "Luitgard"  # Luitgard
            "Lykke"  # Lykke
            "Magdalene"  # Magdalene
            "Magdalena"  # Magdalena
            "Maren"  # Maren
            "Margrethe"  # Margrethe
            "Margaret"  # Margaret
            "Maria"  # Maria
            "Martha"  # Martha
            "Ragnfrid"  # Ragnfrid
            "Ragnhild"  # Ragnhild
            "Rikissa"  # Rikissa
            "Runa"  # Runa
            "Sanna"  # Sanna
            "Signe"  # Signe
            "Sigrid"  # Sigrid
            "Silje"  # Silje
            "Sofie"  # Sofie
            "Sophia"  # Sophia
            "Svanhild"  # Svanhild
            "Thyra"  # Thyra
            "Tora"  # Tora
            "Thora"  # Thora
            "Thordis"  # Thordis
            "Åse"  # Åse
            "Åsa"  # Åsa
        }
        dynasty_names = {
            "Hvide"  # Hvide
            "Galen"  # Galen
            "Due"  # Due
            "Saltensee"  # Saltensee
            "Urup"  # Urup
            "Neb"  # Neb
            "Brahe"  # Brahe
            "Gøye"  # Gøye
            "Trolle"  # Trolle
            "Rantzau"  # Rantzau
            "Friis"  # Friis
            "Gyllenstierna"  # Gyllenstierna
            "Bille"  # Bille
            "Adeler"  # Adeler
            "Arenstorff"  # Arenstorff
            "Brockenhuus"  # Brockenhuus
            "Beck"  # Beck
            "Brock"  # Brock
            "Grubbe"  # Grubbe
            "Holck"  # Holck
            "Huitfeldt"  # Huitfeldt
            "Juel"  # Juel
            "Kaas"  # Kaas
            "Krabbe"  # Krabbe
            "Lindenov"  # Lindenov
            "Lykke"  # Lykke
            "Marsvin"  # Marsvin
            "Mule"  # Mule
            "Munk"  # Munk
            "Oxe"  # Oxe
            "Reedtz"  # Reedtz
            "Rodsteen"  # Rodsteen
            "Rosenkrantz"  # Rosenkrantz
            "Skeel"  # Skeel
            "Skram"  # Skram
            "Urne"  # Urne
            "Vind"  # Vind
            "Ahlefeldt"  # Ahlefeldt
            "Porse"  # Porse
            "Glysing"  # Glysing
            "Banner"  # Banner
            "Thott"  # Thott
            "Ulfstand"  # Ulfstand
            "Grøn"  # Grøn
            "Daa"  # Daa
            "Reventlow"  # Reventlow
            "Juul"  # Juul
            "Ulfeldt"  # Ulfeldt
            "Bang"  # Bang
            "Alfredsson"  # Alfredsson
            "Andersson"  # Andersson
            "Assarsson"  # Assarsson
            "Batra"  # Batra
            "Billgren"  # Billgren
            "Broman"  # Broman
            "Ekberg"  # Ekberg
            "Glans"  # Glans
            "Gjedde"  # Gjedde
            "Glenmark"  # Glenmark
            "Hansson"  # Hansson
            "Jansson"  # Jansson
            "Ibrahimovic"  # Ibrahimovic
            "Järegård"  # Järegård
            "Kulle"  # Kulle
            "Larsson"  # Larsson
            "Lohmander"  # Lohmander
            "Lundberg"  # Lundberg
            "Malmkvist"  # Malmkvist
            "Malmsjö"  # Malmsjö
            "Melander"  # Melander
            "Möller"  # Möller
            "Nordqvist"  # Nordqvist
            "Nordström"  # Nordström
            "Ohlmarks"  # Ohlmarks
            "Persson"  # Persson
            "Poppe"  # Poppe
            "Ranelid"  # Ranelid
            "Sundström"  # Sundström
            "Troell"  # Troell
            "Wester"  # Wester
            "Olsson"  # Olsson
        }
    }
    anglosaxon = {
        dynasty_names = {
            "Godhelming"  # Godhelming
            "Beorming"  # Beorming
            "Eorling"  # Eorling
            "Æbbing"  # Æbbing
            "Hæsting"  # Hæsting
            "Ælling"  # Ælling
            "Eadricing"  # Eadricing
            "Eadwulfing"  # Eadwulfing
            "Leodwalding"  # Leodwalding
            "Æthelfrithing"  # Æthelfrithing
            "Yffing"  # Yffing
            "Ingving"  # Ingving
            "Offing"  # Offing
            "Oswalding"  # Oswalding
            "Cerdicing"  # Cerdicing
            "Wiglafing"  # Wiglafing
            "Coenwalhing"  # Coenwalhing
            "Beorning"  # Beorning
            "Iceling"  # Iceling
            "Wuffing"  # Wuffing
            "Wihtgilsing"  # Wihtgilsing
            "Ross"  # Ross
            "Ciesla"  # Ciesla
            "Rowe"  # Rowe
            "Borthwick"  # Borthwick
        }
        male_names = {
            "Arncytel"  # Arncytel
            "Balthere"  # Balthere
            "Beorhtfrith"  # Beorhtfrith
            "Beorhthelm"  # Beorhthelm
            "Beorhtmær"  # Beorhtmær
            "Beorhtnoth"  # Beorhtnoth
            "Beorhtric"  # Beorhtric
            "Beorhtsige"  # Beorhtsige
            "Beorhtwine_Beorhtwine"  # Beorhtwine_Beorhtwine
            "Beorn_Beorn"  # Beorn_Beorn
            "Beornræd"  # Beornræd
            "Beornwulf"  # Beornwulf
            "Burgheard"  # Burgheard
            "Byrhtnoth"  # Byrhtnoth
            "Cearl"  # Cearl
            "Cenfus"  # Cenfus
            "Cenræd"  # Cenræd
            "Cenwulf"  # Cenwulf
            "Ceolwulf"  # Ceolwulf
            "Cerdic"  # Cerdic
            "Copsige"  # Copsige
            "Cuthberht"  # Cuthberht
            "Cuthræd"  # Cuthræd
            "Cynehelm"  # Cynehelm
            "Cynewulf"  # Cynewulf
            "Cytelbearn"  # Cytelbearn
            "Eadberht"  # Eadberht
            "Eadfrith"  # Eadfrith
            "Eadgar"  # Eadgar
            "Eadmund"  # Eadmund
            "Eadmær"  # Eadmær
            "Eadric"  # Eadric
            "Eadræd"  # Eadræd
            "Eadsige"  # Eadsige
            "Eadulf"  # Eadulf
            "Eadweald"  # Eadweald
            "Eadweard"  # Eadweard
            "Eadwig"  # Eadwig
            "Eadwine"  # Eadwine
            "Eadwulf"  # Eadwulf
            "Ealdhun"  # Ealdhun
            "Ealdmund"  # Ealdmund
            "Ealdræd"  # Ealdræd
            "Ealdwine"  # Ealdwine
            "Ealdwulf"  # Ealdwulf
            "Eanberht"  # Eanberht
            "Eanfrith"  # Eanfrith
            "Eanhere"  # Eanhere
            "Eardwulf"  # Eardwulf
            "Eastmund"  # Eastmund
            "Ecgberht"  # Ecgberht
            "Ecgfrith"  # Ecgfrith
            "Gamall"  # Gamall
            "Godwine"  # Godwine
            "Gospatric"  # Gospatric
            "Guthfrith"  # Guthfrith
            "Guthmund"  # Guthmund
            "Gyrth"  # Gyrth
            "Hacon"  # Hacon
            "Harold"  # Harold
            "Heahberht"  # Heahberht
            "Hereberht"  # Hereberht
            "Hereweald"  # Hereweald
            "Hereweard"  # Hereweard
            "Hlothere"  # Hlothere
            "Hrodberht"  # Hrodberht
            "Inwær"  # Inwær
            "Leofheah"  # Leofheah
            "Leofhelm"  # Leofhelm
            "Leofric"  # Leofric
            "Leofweald"  # Leofweald
            "Leofwine"  # Leofwine
            "Maccus"  # Maccus
            "Morcar"  # Morcar
            "Mærleswegn"  # Mærleswegn
            "Offa"  # Offa
            "Onlaf"  # Onlaf
            "Ordgar"  # Ordgar
            "Oscytel"  # Oscytel
            "Oshere"  # Oshere
            "Osmund"  # Osmund
            "Osric"  # Osric
            "Osræd"  # Osræd
            "Osulf"  # Osulf
            "Osweald"  # Osweald
            "Oswine"  # Oswine
            "Oswulf"  # Oswulf
            "Peter"  # Peter
            "Rædwulf_Ralph"  # Rædwulf_Ralph
            "Rægenweald"  # Rægenweald
            "Scule"  # Scule
            "Sigeberht"  # Sigeberht
            "Sigehelm"  # Sigehelm
            "Sigeric"  # Sigeric
            "Sigeræd"  # Sigeræd
            "Sighere"  # Sighere
            "Siweard"  # Siweard
            "Stigand"  # Stigand
            "Swegn"  # Swegn
            "Swithelm"  # Swithelm
            "Swithræd"  # Swithræd
            "Swæfræd"  # Swæfræd
            "Sæbert"  # Sæbert
            "Sælræd"  # Sælræd
            "Sæweald"  # Sæweald
            "Sæxbald"  # Sæxbald
            "Sæxræd"  # Sæxræd
            "Thoræd"  # Thoræd
            "Thurcytel"  # Thurcytel
            "Thurfrith"  # Thurfrith
            "Tostig"  # Tostig
            "Uhtræd"  # Uhtræd
            "Ulfcytel"  # Ulfcytel
            "Waltheof"  # Waltheof
            "Werestan"  # Werestan
            "Wiglaf"  # Wiglaf
            "Wihtræd"  # Wihtræd
            "Wistan"  # Wistan
            "Wulf"  # Wulf
            "Wulfgar"  # Wulfgar
            "Wulfgeat"  # Wulfgeat
            "Wulfhelm"  # Wulfhelm
            "Wulfhere"  # Wulfhere
            "Wulfmær"  # Wulfmær
            "Wulfnoth"  # Wulfnoth
            "Wulfstan"  # Wulfstan
            "Ælfgar"  # Ælfgar
            "Ælfmær"  # Ælfmær
            "Ælfnoth"  # Ælfnoth
            "Ælfric"  # Ælfric
            "Ælfræd_Alfred"  # Ælfræd_Alfred
            "Ælfsige"  # Ælfsige
            "Ælfstan"  # Ælfstan
            "Ælfwald"  # Ælfwald
            "Ælfweard"  # Ælfweard
            "Ælfwig"  # Ælfwig
            "Ælfwine"  # Ælfwine
            "Ælle"  # Ælle
            "Æthelbald"  # Æthelbald
            "Æthelberht"  # Æthelberht
            "Æthelfrith"  # Æthelfrith
            "Æthelhere"  # Æthelhere
            "Æthelmær"  # Æthelmær
            "Æthelric"  # Æthelric
            "Æthelræd_Ailred"  # Æthelræd_Ailred
            "Æthelsige"  # Æthelsige
            "Æthelstan"  # Æthelstan
            "Æthelweald"  # Æthelweald
            "Æthelweard"  # Æthelweard
            "Æthelwine"  # Æthelwine
            "Æthelwold"  # Æthelwold
            "Æthelwulf"  # Æthelwulf
            "Eormenred"  # Eormenred
            "Eorcenberht"  # Eorcenberht
            "Eormenric"  # Eormenric
            "Eadbald"  # Eadbald
            "Rædwald"  # Rædwald
        }
        female_names = {
            "Agatha"  # Agatha
            "Balthild"  # Balthild
            "Beorhtflæd"  # Beorhtflæd
            "Beorhtgifu"  # Beorhtgifu
            "Beorhtgyth"  # Beorhtgyth
            "Beorhtwaru"  # Beorhtwaru
            "Beorhtwynn"  # Beorhtwynn
            "Beornflæd"  # Beornflæd
            "Beorngyth"  # Beorngyth
            "Blæja"  # Blæja
            "Burgflæd"  # Burgflæd
            "Ceolflæd"  # Ceolflæd
            "Cristina"  # Cristina
            "Cuthburg"  # Cuthburg
            "Cwenburg"  # Cwenburg
            "Cyneburg"  # Cyneburg
            "Cynegyth"  # Cynegyth
            "Cynehild"  # Cynehild
            "Cyneswith"  # Cyneswith
            "Cynethryth"  # Cynethryth
            "Eadburg"  # Eadburg
            "Eadflæd"  # Eadflæd
            "Eadgifu"  # Eadgifu
            "Eadgyth"  # Eadgyth
            "Eadhburh"  # Eadhburh
            "Eadhild"  # Eadhild
            "Ealdgyth"  # Ealdgyth
            "Ealhflæd"  # Ealhflæd
            "Ealhswith"  # Ealhswith
            "Eanswith"  # Eanswith
            "Ecgfrida"  # Ecgfrida
            "Ecgwyn"  # Ecgwyn
            "Godgifu"  # Godgifu
            "Gunhilda"  # Gunhilda
            "Gytha"  # Gytha
            "Helga"  # Helga
            "Heregyth"  # Heregyth
            "Hereswith"  # Hereswith
            "Hextilda"  # Hextilda
            "Hungifu"  # Hungifu
            "Judith"  # Judith
            "Leofflæd"  # Leofflæd
            "Leofgifu"  # Leofgifu
            "Leofrun"  # Leofrun
            "Leofwaru"  # Leofwaru
            "Leofwynn"  # Leofwynn
            "Margaret_Margaret"  # Margaret_Margaret
            "Maud"  # Maud
            "Matilda"  # Matilda
            "Mildrith"  # Mildrith
            "Octreda"  # Octreda
            "Sifflæd"  # Sifflæd
            "Sigrid"  # Sigrid
            "Sæthryth"  # Sæthryth
            "Wulfflæd"  # Wulfflæd
            "Wulfgifu"  # Wulfgifu
            "Wulfgyth"  # Wulfgyth
            "Wulfhild"  # Wulfhild
            "Wulfrun"  # Wulfrun
            "Wulfthryth"  # Wulfthryth
            "Wulfwaru"  # Wulfwaru
            "Wulfwynn"  # Wulfwynn
            "Wynnflæd"  # Wynnflæd
            "Wærburg"  # Wærburg
            "Æbba"  # Æbba
            "Ælfflæd"  # Ælfflæd
            "Ælfgifu"  # Ælfgifu
            "Ælfgyth"  # Ælfgyth
            "Ælflæda_Ælflæda"  # Ælflæda_Ælflæda
            "Ælfrida"  # Ælfrida
            "Ælfswith"  # Ælfswith
            "Ælfthryth"  # Ælfthryth
            "Ælfwynn"  # Ælfwynn
            "Æthelburg"  # Æthelburg
            "Æthelflæd"  # Æthelflæd
            "Æthelgifu"  # Æthelgifu
            "Æthelhild"  # Æthelhild
            "Æthelræda_Æthelreda"  # Æthelræda_Æthelreda
            "Æthelswith"  # Æthelswith
            "Æthelthryth"  # Æthelthryth
            "Æthelburh"  # Æthelburh
            "Seaxburh"  # Seaxburh
            "Wihtburh"  # Wihtburh
        }
    }
    babylonian = {
        dynasty_names = {
            "Amorite"  # Amorite
            "Sealand"  # Sealand
            "Larsa"  # Larsa
            "Kassite"  # Kassite
        }
        male_names = {
            "Naplanum"  # Naplanum
            "Emisum"  # Emisum
            "Samium"  # Samium
            "Zabaia"  # Zabaia
            "Gungunum"  # Gungunum
            "Abisare"  # Abisare
            "Sumuel"  # Sumuel
            "Nur-Adad"  # Nur-Adad
            "Sin-Iddinam"  # Sin-Iddinam
            "Sin-Eribam"  # Sin-Eribam
            "Sin-Iqisham"  # Sin-Iqisham
            "Silli-Adad"  # Silli-Adad
            "Warad-Sin"  # Warad-Sin
            "Rim-Sin"  # Rim-Sin
            "Hammurabi"  # Hammurabi
            "Samsu-iluna"  # Samsu-iluna
            "Su-abu"  # Su-abu
            "Sumu-la-El"  # Sumu-la-El
            "Sabum"  # Sabum
            "Apil-Sin"  # Apil-Sin
            "Sin-muballit"  # Sin-muballit
            "Abieshu"  # Abieshu
            "Ammi-ditana"  # Ammi-ditana
            "Samsu-Ditana"  # Samsu-Ditana
            "Ammisaduqa"  # Ammisaduqa
            "Gandas"  # Gandas
            "Agum"  # Agum
            "Kastiliasu"  # Kastiliasu
            "Abi-Rattas"  # Abi-Rattas
            "Hurbazum"  # Hurbazum
            "Ulamburiash"  # Ulamburiash
            "Karaindash"  # Karaindash
            "Enlil-nadin-ahi"  # Enlil-nadin-ahi
            "Gulkishar"  # Gulkishar
        }
        female_names = {
            "Nana"  # Nana
            "Allatu"  # Allatu
            "Belit"  # Belit
            "Zirrabanit"  # Zirrabanit
            "Tiamat"  # Tiamat
        }
    }
    etrurian = {
        dynasty_names = {
            "Aemilia"  # Aemilia
            "Antonia"  # Antonia
            "Atilia"  # Atilia
            "Atia"  # Atia
            "Aufidia"  # Aufidia
            "Aurelia"  # Aurelia
            "Caecilia"  # Caecilia
            "Calpurnia"  # Calpurnia
            "Cassia"  # Cassia
            "Claudia"  # Claudia
            "Clodia"  # Clodia
            "Cornelia"  # Cornelia
            "Domitia"  # Domitia
            "Fabia"  # Fabia
            "Flavia"  # Flavia
            "Fulvia"  # Fulvia
            "Furia"  # Furia
            "Gabinia"  # Gabinia
            "Galeria"  # Galeria
            "Horatia"  # Horatia
            "Julia"  # Julia
            "Junia"  # Junia
            "Licinia"  # Licinia
            "Livia"  # Livia
            "Lucia"  # Lucia
            "Mamilia"  # Mamilia
            "Manlia"  # Manlia
            "Maria"  # Maria
            "Memmia"  # Memmia
            "Nigidia"  # Nigidia
            "Octavia"  # Octavia
            "Papiria"  # Papiria
            "Plinia"  # Plinia
            "Postumia"  # Postumia
            "Pompeia"  # Pompeia
            "Rabiria"  # Rabiria
            "Quinctia"  # Quinctia
            "Salvia"  # Salvia
            "Scribonia"  # Scribonia
            "Sempronia"  # Sempronia
            "Sertoria"  # Sertoria
            "Silia"  # Silia
            "Titia"  # Titia
            "Tullia"  # Tullia
            "Ulpia"  # Ulpia
            "Valeria"  # Valeria
            "Vesuvia"  # Vesuvia
            "Vinicia"  # Vinicia
            "Viridia"  # Viridia
            "Vitellia"  # Vitellia
        }
        male_names = {
            "Appius"  # Appius
            "Aulus"  # Aulus
            "Caelus"  # Caelus
            "Decimus"  # Decimus
            "Decius"  # Decius
            "Drusus"  # Drusus
            "Faustus"  # Faustus
            "Gaius"  # Gaius
            "Gnaeus"  # Gnaeus
            "Lucius"  # Lucius
            "Mamercus"  # Mamercus
            "Manius"  # Manius
            "Marcus"  # Marcus
            "Mettius"  # Mettius
            "Numerius"  # Numerius
            "Publius"  # Publius
            "Quintus"  # Quintus
            "Secundus"  # Secundus
            "Septimus"  # Septimus
            "Servius"  # Servius
            "Sextus"  # Sextus
            "Spurius"  # Spurius
            "Tertius"  # Tertius
            "Titus"  # Titus
            "Tiberius"  # Tiberius
            "Titus"  # Titus
            "Albinus"  # Albinus
            "Albus"  # Albus
            "Agricola"  # Agricola
            "Agrippa"  # Agrippa
            "Aratus"  # Aratus
            "Asina"  # Asina
            "Auspex"  # Auspex
            "Balbus"  # Balbus
            "Barbatus"  # Barbatus
            "Bibulus"  # Bibulus
            "Brutus"  # Brutus
            "Bubo"  # Bubo
            "Buteo"  # Buteo
            "Caesar"  # Caesar
            "Calvus"  # Calvus
            "Calvinus"  # Calvinus
            "Cato"  # Cato
            "Catulus"  # Catulus
            "Cethegus"  # Cethegus
            "Cicero"  # Cicero
            "Cinna"  # Cinna
            "Cotta"  # Cotta
            "Crispian"  # Crispian
            "Curio"  # Curio
            "Dama"  # Dama
            "Damasus"  # Damasus
            "Dentatus"  # Dentatus
            "Dives"  # Dives
            "Dolabella"  # Dolabella
            "Donatus"  # Donatus
            "Draco"  # Draco
            "Emeritus"  # Emeritus
            "Eugenius"  # Eugenius
            "Euphemius"  # Euphemius
            "Falco"  # Falco
            "Falx"  # Falx
            "Felix"  # Felix
            "Fimbria"  # Fimbria
            "Flaccus"  # Flaccus
            "Florus"  # Florus
            "Fronto"  # Fronto
            "Gala"  # Gala
            "Galerus"  # Galerus
            "Gemellus"  # Gemellus
            "Gorgonius"  # Gorgonius
            "Gracchus"  # Gracchus
            "Gracilis"  # Gracilis
            "Habitus"  # Habitus
            "Herma"  # Herma
            "Hilarius"  # Hilarius
            "Horatius"  # Horatius
            "Ignatius"  # Ignatius
            "Iuba"  # Iuba
            "Labeo"  # Labeo
            "Laenas"  # Laenas
            "Lepidus"  # Lepidus
            "Leptis"  # Leptis
            "Lentulus"  # Lentulus
            "Libo"  # Libo
            "Longinus"  # Longinus
            "Longus"  # Longus
            "Lucan"  # Lucan
            "Lucullus"  # Lucullus
            "Lupius"  # Lupius
            "Macro"  # Macro
            "Martialis"  # Martialis
            "Marullus"  # Marullus
            "Maximus"  # Maximus
            "Memmius"  # Memmius
            "Mercator"  # Mercator
            "Messalla"  # Messalla
            "Montanus"  # Montanus
            "Murena"  # Murena
            "Mus"  # Mus
            "Nasica"  # Nasica
            "Oceanus"  # Oceanus
            "Octavianus"  # Octavianus
            "Opis"  # Opis
            "Optatus"  # Optatus
            "Otho"  # Otho
            "Paenula"  # Paenula
            "Pantera"  # Pantera
            "Pavo"  # Pavo
            "Peregrinus"  # Peregrinus
            "Pertinax"  # Pertinax
            "Petronax"  # Petronax
            "Pictor"  # Pictor
            "Pilatus"  # Pilatus
            "Polus"  # Polus
            "Prisca"  # Prisca
            "Primus"  # Primus
            "Procyon"  # Procyon
            "Pulcher"  # Pulcher
            "Quarto"  # Quarto
            "Quiricus"  # Quiricus
            "Regillus"  # Regillus
            "Remus"  # Remus
            "Romanus"  # Romanus
            "Romulus"  # Romulus
            "Rufus"  # Rufus
            "Ruso"  # Ruso
            "Sabinus"  # Sabinus
            "Salinator"  # Salinator
            "Scaevola"  # Scaevola
            "Scipio"  # Scipio
            "Scrofa"  # Scrofa
            "Seneca"  # Seneca
            "Senna"  # Senna
            "Severus"  # Severus
            "Sorex"  # Sorex
            "Statius"  # Statius
            "Strabo"  # Strabo
            "Super"  # Super
            "Superbus"  # Superbus
            "Tacitus"  # Tacitus
            "Tertulus"  # Tertulus
            "Trebonius"  # Trebonius
            "Tibullus"  # Tibullus
            "Tullius"  # Tullius
            "Ursinus"  # Ursinus
            "Ursus"  # Ursus
            "Valens"  # Valens
            "Varro"  # Varro
            "Varus"  # Varus
            "Vergilius"  # Vergilius
            "Viator"  # Viator
            "Victor"  # Victor
            "Vindex"  # Vindex
            "Virilis"  # Virilis
            "Vitalis"  # Vitalis
            "Vitus"  # Vitus
            "Zeno"  # Zeno
            "Zoilus"  # Zoilus
            "Zosimus"  # Zosimus
        }
        female_names = {
            "Prima"  # Prima
            "Secunda"  # Secunda
            "Tertia"  # Tertia
            "Quarta"  # Quarta
            "Quinta"  # Quinta
            "Septa"  # Septa
            "Septima"  # Septima
            "Octava"  # Octava
            "Nona"  # Nona
            "Decima"  # Decima
            "Undecima"  # Undecima
            "Duodecima"  # Duodecima
        }
    }
    parthian = {
        dynasty_names = {
            "Aramid"  # Aramid
            "Arid"  # Arid
            "Arkhid"  # Arkhid
            "Asinid"  # Asinid
            "Arsacid"  # Arsacid
            "Deiocid"  # Deiocid
            "Menid"  # Menid
            "Pacorid"  # Pacorid
            "Savacid"  # Savacid
            "Vardanid"  # Vardanid
        }
        male_names = {
            "Abdagas"  # Abdagas
            "Ara"  # Ara
            "Aram"  # Aram
            "Aramu"  # Aramu
            "Arbaces"  # Arbaces
            "Ardashir"  # Ardashir
            "Argishti"  # Argishti
            "Ariovast"  # Ariovast
            "Arkha"  # Arkha
            "Armin"  # Armin
            "Arsaces"  # Arsaces
            "Arsames"  # Arsames
            "Artabanus"  # Artabanus
            "Artabazus"  # Artabazus
            "Artasyras"  # Artasyras
            "Artavazd"  # Artavazd
            "Artaxias"  # Artaxias
            "Aryanes"  # Aryanes
            "Asheri"  # Asheri
            "Asina"  # Asina
            "Ashina"  # Ashina
            "Astashpa"  # Astashpa
            "Astyages"  # Astyages
            "Atamaita"  # Atamaita
            "Aturpat"  # Aturpat
            "Bagayash"  # Bagayash
            "Bayad"  # Bayad
            "Chosroes"  # Chosroes
            "Cyaxares"  # Cyaxares
            "Cyrus"  # Cyrus
            "Darius"  # Darius
            "Deioces"  # Deioces
            "Evagoras"  # Evagoras
            "Fravarti"  # Fravarti
            "Gaumata"  # Gaumata
            "Gobryas"  # Gobryas
            "Gotarzes"  # Gotarzes
            "Haldita"  # Haldita
            "Hidarnes"  # Hidarnes
            "Hydarnes"  # Hydarnes
            "Manchihr"  # Manchihr
            "Mardonius"  # Mardonius
            "Martiya"  # Martiya
            "Mazaces"  # Mazaces
            "Megabyzus"  # Megabyzus
            "Menua"  # Menua
            "Nambed"  # Nambed
            "Napad"  # Napad
            "Orodes"  # Orodes
            "Orxines"  # Orxines
            "Osroes"  # Osroes
            "Oxydates"  # Oxydates
            "Pacorus"  # Pacorus
            "Peucestas"  # Peucestas
            "Phraates"  # Phraates
            "Phraortes"  # Phraortes
            "Rusa"  # Rusa
            "Sames"  # Sames
            "Sarduri"  # Sarduri
            "Sarsamas"  # Sarsamas
            "Savaces"  # Savaces
            "Shapur"  # Shapur
            "Sinatruces"  # Sinatruces
            "Tigraios"  # Tigraios
            "Tigranes"  # Tigranes
            "Tiridates"  # Tiridates
            "Umamaita"  # Umamaita
            "Upadarma"  # Upadarma
            "Vahbarz"  # Vahbarz
            "Vardanes"  # Vardanes
            "Vologases"  # Vologases
            "Vonones"  # Vonones
            "Xerxes"  # Xerxes
        }
        female_names = {
            "Amestris"  # Amestris
            "Amytis"  # Amytis
            "Anzaza"  # Anzaza
            "Artazostre"  # Artazostre
            "Artystone"  # Artystone
            "Atossa"  # Atossa
            "Barsine"  # Barsine
            "Damaspia"  # Damaspia
            "Mandane"  # Mandane
            "Parmys"  # Parmys
            "Parysatis"  # Parysatis
            "Phaedymia"  # Phaedymia
            "Rinu"  # Rinu
            "Stateira"  # Stateira
            "Vashti"  # Vashti
        }
    }
    aramaic = {
        dynasty_names = {
            "Abbarid"  # Abbarid
            "Adonibaalid"  # Adonibaalid
            "Ahiromid"  # Ahiromid
            "Baalhannid"  # Baalhannid
            "Baalid"  # Baalid
            "Barcid"  # Barcid
            "Bostarid"  # Bostarid
            "Chelbesid"  # Chelbesid
            "Eshbaalid"  # Eshbaalid
            "Eugorid"  # Eugorid
            "Hannid"  # Hannid
            "Hiramid"  # Hiramid
            "Magoid"  # Magoid
            "Mattanid"  # Mattanid
            "Metallid"  # Metallid
            "Milkiramid"  # Milkiramid
            "Philosirid"  # Philosirid
        }
        male_names = {
            "Abbar"  # Abbar
            "Abdmelqart"  # Abdmelqart
            "Adonibaal"  # Adonibaal
            "Agbal"  # Agbal
            "Ahirom"  # Ahirom
            "Azimilik"  # Azimilik
            "Baal"  # Baal
            "Baalhanno"  # Baalhanno
            "Bodashtart"  # Bodashtart
            "Bodmelqart"  # Bodmelqart
            "Bomilcar"  # Bomilcar
            "Bostar"  # Bostar
            "Boulomenus"  # Boulomenus
            "Carthalo"  # Carthalo
            "Chelbes"  # Chelbes
            "Eshbaal"  # Eshbaal
            "Eugoras"  # Eugoras
            "Germelqart"  # Germelqart
            "Hamilcar"  # Hamilcar
            "Hannibal"  # Hannibal
            "Hanno"  # Hanno
            "Hasdrubal"  # Hasdrubal
            "Himilco"  # Himilco
            "Hiram"  # Hiram
            "Mago"  # Mago
            "Maharbal"  # Maharbal
            "Mattan"  # Mattan
            "Metallo"  # Metallo
            "Milkherem"  # Milkherem
            "Milkiram"  # Milkiram
            "Paltibaal"  # Paltibaal
            "Philosir"  # Philosir
        }
        female_names = {
            "Abdosir"  # Abdosir
            "Arishat"  # Arishat
            "Astarte"  # Astarte
            "Batnoam"  # Batnoam
            "Dido"  # Dido
            "Shayna"  # Shayna
            "Sophonisba"  # Sophonisba
            "Tamar"  # Tamar
        }
    }
    hebrew = {
        dynasty_names = {
            "Abiatarid"  # Abiatarid
            "Akabonid"  # Akabonid
            "Amitid"  # Amitid
            "Amramid"  # Amramid
            "Boazid"  # Boazid
            "Dorid"  # Dorid
            "Dovid"  # Dovid
            "Eiranid"  # Eiranid
            "Eleazid"  # Eleazid
            "Heroid"  # Heroid
            "Honioid"  # Honioid
            "Hillelid"  # Hillelid
            "Joazid"  # Joazid
            "Kahanid"  # Kahanid
            "Nahumid"  # Nahumid
            "Nirid"  # Nirid
            "Nogahid"  # Nogahid
            "Oferid"  # Oferid
            "Omrid"  # Omrid
            "Pinchasid"  # Pinchasid
            "Raananid"  # Raananid
            "Shemidid"  # Shemidid
            "Shemidid"  # Shemidid
            "Yairid"  # Yairid
        }
        male_names = {
            "Abiatar"  # Abiatar
            "Ahijah"  # Ahijah
            "Akabon"  # Akabon
            "Alon"  # Alon
            "Amit"  # Amit
            "Amram"  # Amram
            "Ananelus"  # Ananelus
            "Ananias"  # Ananias
            "Aretas"  # Aretas
            "Aristobulus"  # Aristobulus
            "Azrikam"  # Azrikam
            "Barak"  # Barak
            "Baruch"  # Baruch
            "Belshazar"  # Belshazar
            "Costobarus"  # Costobarus
            "Deror"  # Deror
            "Dori"  # Dori
            "Eiran"  # Eiran
            "Eleazar"  # Eleazar
            "Erotimus"  # Erotimus
            "Ezra"  # Ezra
            "Hadasa"  # Hadasa
            "Herod"  # Herod
            "Hillel"  # Hillel
            "Hyrkanus"  # Hyrkanus
            "Jannaeus"  # Jannaeus
            "Joazar"  # Joazar
            "Yosef"  # Yosef
            "Josiada"  # Josiada
            "Kahana"  # Kahana
            "Hillel"  # Hillel
            "Hodaviah"  # Hodaviah
            "Honio"  # Honio
            "Meir"  # Meir
            "Nahum"  # Nahum
            "Nathan"  # Nathan
            "Nehemiah"  # Nehemiah
            "Nikanor"  # Nikanor
            "Nir"  # Nir
            "Obadiah"  # Obadiah
            "Ofer"  # Ofer
            "Omri"  # Omri
            "Pinchas"  # Pinchas
            "Phannias"  # Phannias
            "Phasael"  # Phasael
            "Raanan"  # Raanan
            "Malichus"  # Malichus
            "Manasseh"  # Manasseh
            "Nahum"  # Nahum
            "Nogah"  # Nogah
            "Shamgar"  # Shamgar
            "Shammai"  # Shammai
            "Shaul"  # Shaul
            "Shemaiah"  # Shemaiah
            "Shemida"  # Shemida
            "Silas"  # Silas
            "Simeon"  # Simeon
            "Sosa"  # Sosa
            "Talmon"  # Talmon
            "Tarfon"  # Tarfon
            "Tovia"  # Tovia
            "Yair"  # Yair
            "Yochanan"  # Yochanan
            "Zadok"  # Zadok
        }
        female_names = {
            "Adena"  # Adena
            "Adi"  # Adi
            "Adva"  # Adva
            "Ahuva"  # Ahuva
            "Alexandra"  # Alexandra
            "Aliza"  # Aliza
            "Alte"  # Alte
            "Arieh"  # Arieh
            "Asher"  # Asher
            "Basia"  # Basia
            "Boaz"  # Boaz
            "Chanah"  # Chanah
            "Cypros"  # Cypros
            "Danya"  # Danya
            "Dara"  # Dara
            "Dina"  # Dina
            "Doris"  # Doris
            "Dov"  # Dov
            "Dvora"  # Dvora
            "Elisheva"  # Elisheva
            "Esther"  # Esther
            "Galia"  # Galia
            "Galit"  # Galit
            "Leah"  # Leah
            "Liat"  # Liat
            "Liora"  # Liora
            "Machla"  # Machla
            "Mariamne"  # Mariamne
            "Marni"  # Marni
            "Maya"  # Maya
            "Meital"  # Meital
            "Menahem"  # Menahem
            "Milka"  # Milka
            "Naamah"  # Naamah
            "Nahal"  # Nahal
            "Nava"  # Nava
            "Nissa"  # Nissa
            "Orah"  # Orah
            "Orit"  # Orit
            "Osher"  # Osher
            "Rachel"  # Rachel
            "Raisa"  # Raisa
            "Rivka"  # Rivka
            "Salampsio"  # Salampsio
            "Sarah"  # Sarah
            "Shayna"  # Shayna
            "Tamar"  # Tamar
            "Tirtza"  # Tirtza
            "Yael"  # Yael
            "Yocheved"  # Yocheved
        }
    }
    scythian = {
        dynasty_names = {
            "Abeacid"  # Abeacid
            "Galatid"  # Galatid
            "Madyid"  # Madyid
            "Palacid"  # Palacid
            "Partatid"  # Partatid
        }
        male_names = {
            "Abeacus"  # Abeacus
            "Apsyrtos"  # Apsyrtos
            "Arpharnes"  # Arpharnes
            "Askhkadar"  # Askhkadar
            "Atheas"  # Atheas
            "Galat"  # Galat
            "Kuluk"  # Kuluk
            "Madyes"  # Madyes
            "Oltak"  # Oltak
            "Palacus"  # Palacus
            "Partatua"  # Partatua
            "Skilurus"  # Skilurus
            "Skunxa"  # Skunxa
            "Spadines"  # Spadines
            "Tasius"  # Tasius
            "Zanticus"  # Zanticus
            "Respendial"  # Respendial
        }
        female_names = {
            "Amage"  # Amage
            "Ghadani"  # Ghadani
            "Opoin"  # Opoin
            "Polemakratia"  # Polemakratia
        }
    }
}