graphical_culture = asiangfx
color = {
    71
    74
    77
}
historical_idea_groups = {
    offensive_ideas
    defensive_ideas
    naval_ideas
    trade_ideas
    quality_ideas
    spy_ideas
    diplomatic_ideas
    administrative_ideas
}
historical_units = {
    japanese_archer
    eastern_bow
    japanese_footsoldier
    japanese_samurai
    asian_arquebusier
    asian_charge_cavalry
    asian_mass_infantry
    asian_musketeer
    reformed_asian_musketeer
    reformed_asian_cavalry
}
monarch_names = {
    "Sukemitsu #0" = 50
    "Sukemune #0" = 50
    "Sukemochi #0" = 50
    "Sukeyasu #0" = 50
    "Suketaka #0" = 50
    "Tadasuke #0" = 50
    "Yoshisuke #0" = -5
    "Sukenori #0" = 50
    "Sukemichi #0" = 50
    "Sukenaga #0" = 50
    "Sukeatsu #0" = 50
    "Sukehiro #0" = 50
    "Toku #0" = -5
    "Tama #0" = -5
    "Ina #0" = -5
    "Sukeyori #0" = 50
    "Ujisuke #0" = 50
    "Sukekuni #0" = 50
    "Yoshimasu #0" = -5
    "Sukezane #0" = 50
}
leader_names = {
    "Shimazu"  # Shimazu
    "Otomo"  # Otomo
    "Ryuzoji"  # Ryuzoji
    "Aso"  # Aso
    "Ito"  # Ito
    "Shoni"  # Shoni
    "Ouchi"  # Ouchi
    "Kono"  # Kono
    "Chosokabe"  # Chosokabe
    "Miyoshi"  # Miyoshi
    "Mori"  # Mori
    "Amago"  # Amago
    "Yamana"  # Yamana
    "Akamatsu"  # Akamatsu
    "Hatakeyama"  # Hatakeyama
    "Hosokawa"  # Hosokawa
    "Shiba"  # Shiba
    "Asakura"  # Asakura
    "Oda"  # Oda
    "Tokugawa"  # Tokugawa
    "Togashi"  # Togashi
    "Uesugi"  # Uesugi
    "Takeda"  # Takeda
    "Imagawa"  # Imagawa
    "Tokugawa"  # Tokugawa
    "Hojo"  # Hojo
    "Nagao"  # Nagao
    "Satomi"  # Satomi
    "Satake"  # Satake
    "Ustunomiya"  # Ustunomiya
    "Date"  # Date
    "Mogami"  # Mogami
    "Ando"  # Ando
    "Rokkaku"  # Rokkaku
    "Uragami"  # Uragami
    "Nanbu"  # Nanbu
    "Ashina"  # Ashina
    "Murakami"  # Murakami
    "Saionji"  # Saionji
    "Akizuki"  # Akizuki
    "Kimotuki"  # Kimotuki
    "Kasai"  # Kasai
    "Soma"  # Soma
    "Yuki"  # Yuki
    "Saito"  # Saito
    "Ogasawara"  # Ogasawara
    "Azai"  # Azai
    "Hatano"  # Hatano
    "Jinbo"  # Jinbo
    "Sagara"  # Sagara
    "Osaki"  # Osaki
    "Kitabatake"  # Kitabatake
    "Mimura"  # Mimura
    "Ichijo"  # Ichijo
    "Toki"  # Toki
    "Kyogoku"  # Kyogoku
    "Sasaki"  # Sasaki
    "Ashikaga"  # Ashikaga
    "Isshiki"  # Isshiki
    "Honganji"  # Honganji
    "Ito"  # Ito
    "Ito"  # Ito
    "Ito"  # Ito
    "Ito"  # Ito
    "Ito"  # Ito
    "Ito"  # Ito
    "Ito"  # Ito
    "Ito"  # Ito
    "Ito"  # Ito
    "Ito"  # Ito
    "Ito"  # Ito
    "Ito"  # Ito
    "Ito"  # Ito
    "Ito"  # Ito
    "Ito"  # Ito
    "Ito"  # Ito
    "Ito"  # Ito
    "Ito"  # Ito
    "Ito"  # Ito
    "Ito"  # Ito
    "Sadohara"  # Sadohara
    "Sadohara"  # Sadohara
    "Sadohara"  # Sadohara
    "Sadohara"  # Sadohara
    "Sadohara"  # Sadohara
    "Kiwaki"  # Kiwaki
    "Kiwaki"  # Kiwaki
    "Kiwaki"  # Kiwaki
    "Kiwaki"  # Kiwaki
    "Kiwaki"  # Kiwaki
    "Nagakura"  # Nagakura
    "Nagakura"  # Nagakura
    "Nagakura"  # Nagakura
    "Nagakura"  # Nagakura
    "Nagakura"  # Nagakura
    "Aratake"  # Aratake
    "Aratake"  # Aratake
    "Aratake"  # Aratake
    "Inazu"  # Inazu
    "Inazu"  # Inazu
    "Inazu"  # Inazu
    "Ochiai"  # Ochiai
    "Ochiai"  # Ochiai
    "Ochiai"  # Ochiai
    "Kawasaki"  # Kawasaki
    "Kawasaki"  # Kawasaki
    "Kawasaki"  # Kawasaki
    "Taira"  # Taira
    "Taira"  # Taira
    "Taira"  # Taira
    "Nomura"  # Nomura
    "Nomura"  # Nomura
    "Nomura"  # Nomura
    "Fukunaga"  # Fukunaga
    "Fukunaga"  # Fukunaga
    "Fukunaga"  # Fukunaga
    "Yamada"  # Yamada
    "Yamada"  # Yamada
    "Yamada"  # Yamada
    "Shoni"  # Shoni
    "Munakata"  # Munakata
    "Akizuki"  # Akizuki
    "Harada"  # Harada
    "Tachibana"  # Tachibana
    "Shibukawa"  # Shibukawa
    "Kii"  # Kii
    "Aso"  # Aso
    "Moji"  # Moji
    "Kamachi"  # Kamachi
    "Takahashi"  # Takahashi
    "Kusano"  # Kusano
    "Monchujo"  # Monchujo
    "Hoshino"  # Hoshino
    "Ryuzoji"  # Ryuzoji
    "Chiba"  # Chiba
    "Nabeshima"  # Nabeshima
    "Kamishiro"  # Kamishiro
    "Otomo"  # Otomo
    "Hetsugi"  # Hetsugi
    "Shiga"  # Shiga
    "Ichimada"  # Ichimada
    "Saeki"  # Saeki
    "Usuki"  # Usuki
    "Yoshihiro"  # Yoshihiro
    "Kikuchi"  # Kikuchi
    "Aso"  # Aso
    "Sagara"  # Sagara
    "Akahoshi"  # Akahoshi
    "Jo"  # Jo
    "Kumabe"  # Kumabe
    "Kai"  # Kai
    "Amakusa"  # Amakusa
    "Ito"  # Ito
    "Tsuchimochi"  # Tsuchimochi
    "Hongo"  # Hongo
    "Niiro"  # Niiro
    "Mera"  # Mera
    "Shimazu"  # Shimazu
    "Irikiin"  # Irikiin
    "Ei"  # Ei
    "Ijuin"  # Ijuin
    "Togo"  # Togo
    "Kawakami"  # Kawakami
    "Gamo"  # Gamo
    "Nejime"  # Nejime
    "Tanegashima"  # Tanegashima
    "Kimotsuki"  # Kimotsuki
}
ship_names = {
    "Mutsu Maru"  # Mutsu Maru
    "Dewa Maru"  # Dewa Maru
    "Shimotsuke Maru"  # Shimotsuke Maru
    "Hitachi Maru"  # Hitachi Maru
    "Kazusa Maru"  # Kazusa Maru
    "Shimousa Maru"  # Shimousa Maru
    "Awa Maru"  # Awa Maru
    "Musashi Maru"  # Musashi Maru
    "Kozuke Maru"  # Kozuke Maru
    "Izu Maru"  # Izu Maru
    "Echigo Maru"  # Echigo Maru
    "Ettchu Maru"  # Ettchu Maru
    "Kaga Maru"  # Kaga Maru
    "Noto Maru"  # Noto Maru
    "Suruga Maru"  # Suruga Maru
    "Totomi Maru"  # Totomi Maru
    "Joshu Maru"  # Joshu Maru
    "Enshu Maru"  # Enshu Maru
    "Bushu Maru"  # Bushu Maru
    "Esshu Maru"  # Esshu Maru
    "Mikawa Maru"  # Mikawa Maru
    "Ushu Maru"  # Ushu Maru
    "Soushu Maru"  # Soushu Maru
    "Boushu Maru"  # Boushu Maru
    "Kai Maru"  # Kai Maru
    "Shinshu Maru"  # Shinshu Maru
    "Koshu Maru"  # Koshu Maru
    "Owari Maru"  # Owari Maru
    "Bishu Maru"  # Bishu Maru
    "Mino Maru"  # Mino Maru
    "Echizen Maru"  # Echizen Maru
    "Ise Maru"  # Ise Maru
    "Shima Maru"  # Shima Maru
    "Omi Maru"  # Omi Maru
    "Goushu Maru"  # Goushu Maru
    "Yamashiro Maru"  # Yamashiro Maru
    "Wakasa Maru"  # Wakasa Maru
    "Tanba Maru"  # Tanba Maru
    "Tango Maru"  # Tango Maru
    "Yamato Maru"  # Yamato Maru
    "Kii Maru"  # Kii Maru
    "Kishu Maru"  # Kishu Maru
    "Iga Maru"  # Iga Maru
    "Awa Maru"  # Awa Maru
    "Sanuki Maru"  # Sanuki Maru
    "Tosa Maru"  # Tosa Maru
    "Iyo Maru"  # Iyo Maru
    "Harima Maru"  # Harima Maru
    "Banshu Maru"  # Banshu Maru
    "Hoki Maru"  # Hoki Maru
    "Inaba Maru"  # Inaba Maru
    "Bizen Maru"  # Bizen Maru
    "Mimasaka Maru"  # Mimasaka Maru
    "Binshu Maru"  # Binshu Maru
    "Bingo Maru"  # Bingo Maru
    "Bittchu Maru"  # Bittchu Maru
    "Aki Maru"  # Aki Maru
    "Izumo Maru"  # Izumo Maru
    "Iwami Maru"  # Iwami Maru
    "Suou Maru"  # Suou Maru
    "Nagato Maru"  # Nagato Maru
    "Bungo Maru"  # Bungo Maru
    "Buzen Maru"  # Buzen Maru
    "Chikuzen Maru"  # Chikuzen Maru
    "Chikugo Maru"  # Chikugo Maru
    "Hizen Maru"  # Hizen Maru
    "Higo Maru"  # Higo Maru
    "Chikushu Maru"  # Chikushu Maru
    "Hyuga Maru"  # Hyuga Maru
    "Osumi Maru"  # Osumi Maru
    "Satsuma Maru"  # Satsuma Maru
    "Sasshu Maru"  # Sasshu Maru
}
army_names = {
    "Ito Gun"  # Ito Gun
    "$PROVINCE$ Gun"  # $PROVINCE$ Gun
    "$PROVINCE$ Zei"  # $PROVINCE$ Zei
    "$PROVINCE$ Dan"  # $PROVINCE$ Dan
}
fleet_names = {
    "Ito Suigun"  # Ito Suigun
    "$PROVINCE$ Suigun"  # $PROVINCE$ Suigun
    "$PROVINCE$ Sendan"  # $PROVINCE$ Sendan
    "$PROVINCE$ Tai"  # $PROVINCE$ Tai
}